learning_rate,lambda_penalty,rolling_window,domain_limit,max_weight,uniform_mix,evaluation_mode,sortino_ratio,max_drawdown,mean_return,volatility,concentration_penalty_lambda,covariance_penalty_lambda,covariance_shrinkage,entropy_lambda,variance_penalty,downside_penalty,regime_k,macro_integration,lambda_macro_explicit,lambda_etf_tracking,max_domain_exposure,max_domain_exposure_threshold,domain_exposure_json
0.02093245117127753,0.7118133608780355,96,0.1026494573662122,0.08449893627562788,0.020541411767224117,online,0.021072247588035203,-0.3321341015365953,7.280272949740466e-05,0.008640017696018729,3.5486076386734635,0.5128464050090272,0.07161061801182043,0.0,1.7254481929106291,2.849515140669194,0.49311663294749697,both,4.561950781018117,0.0,0.08341692388057709,0.12,"{""roland-garros"": 0.06841327250003815, ""epstein"": 0.057931672781705856, ""hockey"": 0.07348286360502243, ""serie-a"": 0.04448920488357544, ""comex-silver-futures"": 0.051361437886953354, ""basketball"": 0.045162104070186615, ""ligue-1"": 0.08341692388057709, ""la-liga"": 0.07920389622449875, ""nba"": 0.04999462515115738, ""new-mexico-primary"": 0.05630360171198845, ""league-of-legends"": 0.06298618018627167, ""tennis"": 0.07280159741640091, ""airdrops"": 0.0529877133667469, ""south-dakota-primary"": 0.05550495907664299, ""primaries"": 0.04530584439635277, ""awards"": 0.04174666106700897, ""nba-champion"": 0.05890754237771034}"
0.030130463083254486,0.9863069260240778,96,0.10611747090008158,0.049716785967261784,0.044452790710591585,online,0.09834217496604597,-0.13448243929096937,0.0002813494393187792,0.008339467930480926,7.431831139029577,5.588029722971336,0.0972842414994696,0.0,1.0707988633666705,2.510973194685694,0.579863280289383,both,1.3711956377221153,0.0,0.1003676988184452,0.12,"{""roland-garros"": 0.050224483013153076, ""epstein"": 0.050177186727523804, ""hockey"": 0.1003676988184452, ""serie-a"": 0.04963374510407448, ""comex-silver-futures"": 0.05014565587043762, ""basketball"": 0.04871689900755882, ""ligue-1"": 0.09982188045978546, ""la-liga"": 0.09940795600414276, ""nba"": 0.05011992156505585, ""new-mexico-primary"": 0.05021775886416435, ""league-of-legends"": 0.05025802180171013, ""tennis"": 0.050299495458602905, ""airdrops"": 0.050211742520332336, ""south-dakota-primary"": 0.05010944977402687, ""primaries"": 0.049942418932914734, ""awards"": 0.050216708332300186, ""nba-champion"": 0.050129007548093796}"
0.01826417560693427,0.7370768476233369,48,0.10718399311495232,0.08125327676644092,0.08082440573363997,online,0.09286376715940675,-0.13586293500643398,0.00026687037979344696,0.008245018419566394,2.219590808807577,9.594237837904874,0.07981384051283456,0.0,1.1480528570196795,2.507430058638488,0.5312466532446629,both,0.13037599167769698,0.0,0.08694706484675407,0.12,"{""roland-garros"": 0.06975411623716354, ""epstein"": 0.056778375059366226, ""hockey"": 0.07694843411445618, ""serie-a"": 0.0422651544213295, ""comex-silver-futures"": 0.05210591480135918, ""basketball"": 0.039353977888822556, ""ligue-1"": 0.08694706484675407, ""la-liga"": 0.08260002359747887, ""nba"": 0.05336592346429825, ""new-mexico-primary"": 0.05294205993413925, ""league-of-legends"": 0.06480242311954498, ""tennis"": 0.07338235527276993, ""airdrops"": 0.05483260750770569, ""south-dakota-primary"": 0.05566190555691719, ""primaries"": 0.04133688658475876, ""awards"": 0.041127029806375504, ""nba-champion"": 0.055795807391405106}"
0.005553937264054229,0.3219516503562353,96,0.09362171468278156,0.045011545629617504,0.0064933453787294985,online,0.09922243156100626,-0.1344292252946686,0.00028226585687968236,0.008334981440345179,5.5790892149532745,6.625532841038921,0.04624485395039797,0.0,1.839361615315915,2.281992535427004,0.7558112818210502,both,0.10367411768661683,0.0,0.09964323043823242,0.12,"{""roland-garros"": 0.0502055399119854, ""epstein"": 0.050199296325445175, ""hockey"": 0.09964323043823242, ""serie-a"": 0.05008583143353462, ""comex-silver-futures"": 0.05019128695130348, ""basketball"": 0.049319107085466385, ""ligue-1"": 0.0995853915810585, ""la-liga"": 0.09907864034175873, ""nba"": 0.05018208175897598, ""new-mexico-primary"": 0.05020972713828087, ""league-of-legends"": 0.05020700767636299, ""tennis"": 0.05020768940448761, ""airdrops"": 0.05020300671458244, ""south-dakota-primary"": 0.050204869359731674, ""primaries"": 0.050132982432842255, ""awards"": 0.05017451196908951, ""nba-champion"": 0.05016971006989479}"
0.005000000000000002,0.25,24,0.08,0.04,0.0,online,0.09755185240379446,-0.13437376794617162,0.0002812282383946988,0.00836614190065065,2.0,0.5,0.02,0.0,1.0,2.0,0.0,both,0.0,0.0,0.09708457812666893,0.12,"{""roland-garros"": 0.050642263144254684, ""epstein"": 0.050665050745010376, ""hockey"": 0.09708457812666893, ""serie-a"": 0.05055021122097969, ""comex-silver-futures"": 0.05061516910791397, ""basketball"": 0.05069936439394951, ""ligue-1"": 0.09705957025289536, ""la-liga"": 0.09685451537370682, ""nba"": 0.05061111971735954, ""new-mexico-primary"": 0.050647955387830734, ""league-of-legends"": 0.050662241876125336, ""tennis"": 0.05064350739121437, ""airdrops"": 0.05062978342175484, ""south-dakota-primary"": 0.050638046115636826, ""primaries"": 0.05065639317035675, ""awards"": 0.05068400502204895, ""nba-champion"": 0.05065623298287392}"
0.015811388300841896,0.625,24,0.1,0.07,0.05,online,0.06568745307977714,-0.16107251443913673,0.00019707939560999711,0.00823321453082366,9.999999999999998,2.2360679774997902,0.06,0.0,1.5,2.5,0.4,both,2.5,0.0,0.09200941398739815,0.12,"{""roland-garros"": 0.06261885911226273, ""epstein"": 0.0552576407790184, ""hockey"": 0.08021814003586769, ""serie-a"": 0.04680069535970688, ""comex-silver-futures"": 0.051270537078380585, ""basketball"": 0.043260782957077026, ""ligue-1"": 0.09200941398739815, ""la-liga"": 0.0872986651957035, ""nba"": 0.05317169055342674, ""new-mexico-primary"": 0.05423988774418831, ""league-of-legends"": 0.06045529246330261, ""tennis"": 0.06379091739654541, ""airdrops"": 0.053015414625406265, ""south-dakota-primary"": 0.05515370890498161, ""primaries"": 0.045932453125715256, ""awards"": 0.04201547056436539, ""nba-champion"": 0.053490471094846725}"
0.028117066259517463,0.4375,48,0.09,0.055,0.07500000000000001,online,0.09279875946042579,-0.1359701389556245,0.00026425709762979656,0.008206680898942909,22.360679774997894,4.728708045015881,0.04,0.0,1.75,2.75,0.6000000000000001,both,3.75,0.0,0.0929117202758789,0.12,"{""roland-garros"": 0.053622812032699585, ""epstein"": 0.05337613821029663, ""hockey"": 0.09009464830160141, ""serie-a"": 0.049615442752838135, ""comex-silver-futures"": 0.052189216017723083, ""basketball"": 0.04670644551515579, ""ligue-1"": 0.0929117202758789, ""la-liga"": 0.09208652004599571, ""nba"": 0.05216684192419052, ""new-mexico-primary"": 0.053183071315288544, ""league-of-legends"": 0.05287554860115051, ""tennis"": 0.05398730933666229, ""airdrops"": 0.05294227972626686, ""south-dakota-primary"": 0.053806692361831665, ""primaries"": 0.050795551389455795, ""awards"": 0.04815560579299927, ""nba-champion"": 0.05148421227931976}"
0.01185686852830828,0.53125,96,0.105,0.0925,0.08750000000000001,online,0.05831682231784396,-0.19119597205012018,0.00017853245429721532,0.008237614106344557,6.68740304976422,0.7271077167244769,0.05,0.0,1.875,2.625,0.7000000000000001,both,1.875,0.0,0.07881059125065804,0.12,"{""roland-garros"": 0.07065697759389877, ""epstein"": 0.05763213708996773, ""hockey"": 0.076112300157547, ""serie-a"": 0.0422411672770977, ""comex-silver-futures"": 0.05208282917737961, ""basketball"": 0.04445628076791763, ""ligue-1"": 0.07881059125065804, ""la-liga"": 0.07801356166601181, ""nba"": 0.049846749752759933, ""new-mexico-primary"": 0.055030375719070435, ""league-of-legends"": 0.06442826241254807, ""tennis"": 0.07527732849121094, ""airdrops"": 0.052019596099853516, ""south-dakota-primary"": 0.05276996269822121, ""primaries"": 0.04508741945028305, ""awards"": 0.04579825699329376, ""nba-champion"": 0.059736281633377075}"
0.021084825171429115,0.34375,24,0.11499999999999999,0.07750000000000001,0.0125,online,0.08922010090095688,-0.13989579270224728,0.00025632109094316684,0.008223062591070392,14.953487812212206,6.876560219336323,0.03,0.0,1.125,2.375,0.1,both,3.125,0.0,0.0995294637978077,0.12,"{""roland-garros"": 0.0651705414056778, ""epstein"": 0.052995581179857254, ""hockey"": 0.08318080753087997, ""serie-a"": 0.045042719691991806, ""comex-silver-futures"": 0.05172368511557579, ""basketball"": 0.03942303732037544, ""ligue-1"": 0.0995294637978077, ""la-liga"": 0.0939837135374546, ""nba"": 0.049087755382061005, ""new-mexico-primary"": 0.052398938685655594, ""league-of-legends"": 0.05995803326368332, ""tennis"": 0.0668824091553688, ""airdrops"": 0.051805417984724045, ""south-dakota-primary"": 0.055766332894563675, ""primaries"": 0.041888877749443054, ""awards"": 0.0384603813290596, ""nba-champion"": 0.05270226299762726}"
0.00666760716081662,0.71875,96,0.095,0.0475,0.0625,online,0.09787554824198799,-0.13480806411534085,0.0002798388701868044,0.008328718699601416,2.9906975624424406,1.5376456101806881,0.07,0.0,1.625,2.875,0.5,both,0.625,0.0,0.09881412610411644,0.12,"{""roland-garros"": 0.05032911151647568, ""epstein"": 0.050337277352809906, ""hockey"": 0.09881412610411644, ""serie-a"": 0.05022191256284714, ""comex-silver-futures"": 0.05030687525868416, ""basketball"": 0.04987340047955513, ""ligue-1"": 0.09879332780838013, ""la-liga"": 0.0984245017170906, ""nba"": 0.05029831454157829, ""new-mexico-primary"": 0.05033445730805397, ""league-of-legends"": 0.050337277352809906, ""tennis"": 0.050331536680459976, ""airdrops"": 0.05032001808285713, ""south-dakota-primary"": 0.050325874239206314, ""primaries"": 0.05030658841133118, ""awards"": 0.050332024693489075, ""nba-champion"": 0.05031329765915871}"
0.007699632630297462,0.484375,96,0.1175,0.06625,0.09375,online,0.028594332559996653,-0.2821373109250741,8.837216542767832e-05,0.007953506785787453,12.228445449938514,1.2750930481971074,0.05500000000000001,0.0,1.9375,2.3125,0.55,both,0.3125,0.0,0.10727251321077347,0.12,"{""roland-garros"": 0.05879157409071922, ""epstein"": 0.05318962410092354, ""hockey"": 0.09113448113203049, ""serie-a"": 0.04054740071296692, ""comex-silver-futures"": 0.04731805622577667, ""basketball"": 0.04117260128259659, ""ligue-1"": 0.10727251321077347, ""la-liga"": 0.10023033618927002, ""nba"": 0.047832511365413666, ""new-mexico-primary"": 0.05386222526431084, ""league-of-legends"": 0.05503141134977341, ""tennis"": 0.06130528450012207, ""airdrops"": 0.05064571648836136, ""south-dakota-primary"": 0.05562847480177879, ""primaries"": 0.04349585622549057, ""awards"": 0.04107274115085602, ""nba-champion"": 0.05146922916173935}"
0.024348376258293156,0.859375,48,0.0975,0.09625,0.043750000000000004,online,0.061135009559690486,-0.16690225295574856,0.00017894285846618382,0.008193659277677776,2.4456890899877037,5.702389466812297,0.095,0.0,1.4375,2.8125,0.15000000000000002,both,2.8125,0.0,0.08006656914949417,0.12,"{""roland-garros"": 0.07603214681148529, ""epstein"": 0.05943163484334946, ""hockey"": 0.07233072817325592, ""serie-a"": 0.04261649399995804, ""comex-silver-futures"": 0.05419190600514412, ""basketball"": 0.04181978479027748, ""ligue-1"": 0.06787737086415291, ""la-liga"": 0.07031959667801857, ""nba"": 0.05232444778084755, ""new-mexico-primary"": 0.055232711136341095, ""league-of-legends"": 0.06999186426401138, ""tennis"": 0.08006656914949417, ""airdrops"": 0.05779716745018959, ""south-dakota-primary"": 0.053305208683013916, ""primaries"": 0.042030155658721924, ""awards"": 0.044667042791843414, ""nba-champion"": 0.05996512994170189}"
0.04329821616800328,0.296875,24,0.1075,0.051250000000000004,0.018750000000000003,online,0.08933221862072785,-0.13514447138635777,0.00025665247662417644,0.008349744562647629,5.4687270570421065,2.696493494752912,0.035,0.0,1.1875,2.5625,0.35000000000000003,both,4.0625,0.0,0.10123910009860992,0.12,"{""roland-garros"": 0.05116983875632286, ""epstein"": 0.05058787018060684, ""hockey"": 0.0993337444961071, ""serie-a"": 0.04868372902274132, ""comex-silver-futures"": 0.04988011345267296, ""basketball"": 0.04727292060852051, ""ligue-1"": 0.10123910009860992, ""la-liga"": 0.10068072751164436, ""nba"": 0.04974282160401344, ""new-mexico-primary"": 0.050606869161129, ""league-of-legends"": 0.05023709312081337, ""tennis"": 0.05156422778964043, ""airdrops"": 0.050186969339847565, ""south-dakota-primary"": 0.05080389603972435, ""primaries"": 0.04932492598891258, ""awards"": 0.0488828606903553, ""nba-champion"": 0.04980231076478958}"
0.013692098171321816,0.671875,96,0.0875,0.08125,0.06875,online,0.08046750731138345,-0.1386587898090349,0.0002331380059920237,0.008041581857807402,27.34363528521052,0.6029542755153483,0.075,0.0,1.6875,2.0625,0.75,both,1.5625,0.0,0.07606349512934685,0.12,"{""roland-garros"": 0.06831216812133789, ""epstein"": 0.06110392510890961, ""hockey"": 0.0708516389131546, ""serie-a"": 0.044889431446790695, ""comex-silver-futures"": 0.051296912133693695, ""basketball"": 0.04793533682823181, ""ligue-1"": 0.07606349512934685, ""la-liga"": 0.07320130243897438, ""nba"": 0.05202601104974747, ""new-mexico-primary"": 0.05885809659957886, ""league-of-legends"": 0.06343868374824524, ""tennis"": 0.07087618857622147, ""airdrops"": 0.05335555970668793, ""south-dakota-primary"": 0.058199845254421234, ""primaries"": 0.047433413565158844, ""awards"": 0.04418905824422836, ""nba-champion"": 0.05796899273991585}"
0.03246908157881057,0.765625,96,0.11249999999999999,0.043750000000000004,0.05625,online,0.09780530423779003,-0.13436329790675894,0.00028141390477876195,0.008362401428126894,8.177654339579425,8.292502770175192,0.065,0.0,1.5625,2.4375,0.65,both,4.6875,0.0,0.10010473430156708,0.12,"{""roland-garros"": 0.05009537190198898, ""epstein"": 0.05008159950375557, ""hockey"": 0.10010473430156708, ""serie-a"": 0.049993716180324554, ""comex-silver-futures"": 0.05008558928966522, ""basketball"": 0.04928569495677948, ""ligue-1"": 0.10007176548242569, ""la-liga"": 0.09961557760834694, ""nba"": 0.050074443221092224, ""new-mexico-primary"": 0.05008743330836296, ""league-of-legends"": 0.05009084194898605, ""tennis"": 0.05009748786687851, ""airdrops"": 0.05008722469210625, ""south-dakota-primary"": 0.05008716881275177, ""primaries"": 0.05002289637923241, ""awards"": 0.050056926906108856, ""nba-champion"": 0.05006149038672447}"
0.005773909923447295,0.953125,24,0.1025,0.058750000000000004,0.03125,online,0.0794815004178072,-0.14003850512432414,0.00023196226140611876,0.008128491741217964,18.285790999795744,0.8768254131184521,0.085,0.0,1.3125,2.6875,0.05,both,0.9375,0.0,0.09936748072504997,0.12,"{""roland-garros"": 0.05585276335477829, ""epstein"": 0.051993414759635925, ""hockey"": 0.08886092528700829, ""serie-a"": 0.048042669892311096, ""comex-silver-futures"": 0.05066943168640137, ""basketball"": 0.04478764906525612, ""ligue-1"": 0.09936748072504997, ""la-liga"": 0.09687601029872894, ""nba"": 0.05119716003537178, ""new-mexico-primary"": 0.053738441318273544, ""league-of-legends"": 0.05414389818906784, ""tennis"": 0.05691249296069145, ""airdrops"": 0.05257329344749451, ""south-dakota-primary"": 0.05558456480503082, ""primaries"": 0.04740588739514351, ""awards"": 0.04184791073203087, ""nba-champion"": 0.05014597624540329}"
0.0062046888037586,0.6015625,48,0.09875,0.079375,0.084375,online,0.04165875175877406,-0.20151822676793918,0.00012047772633624693,0.007833144081680071,4.9453908743270265,9.106318010137352,0.0625,0.0,1.46875,2.15625,0.07500000000000001,both,2.03125,0.0,0.08409734442830086,0.12,"{""roland-garros"": 0.06911541521549225, ""epstein"": 0.05836385861039162, ""hockey"": 0.07637039572000504, ""serie-a"": 0.0406847707927227, ""comex-silver-futures"": 0.05239549279212952, ""basketball"": 0.03837564215064049, ""ligue-1"": 0.08409734442830086, ""la-liga"": 0.08085694536566734, ""nba"": 0.05410384759306908, ""new-mexico-primary"": 0.055731531232595444, ""league-of-legends"": 0.06500032544136047, ""tennis"": 0.0725225955247879, ""airdrops"": 0.05696803331375122, ""south-dakota-primary"": 0.059201691299676895, ""primaries"": 0.040935736149549484, ""awards"": 0.04071781411767006, ""nba-champion"": 0.05455856770277023}"
0.01962094879242268,0.9765625,24,0.11875,0.049375,0.034375,online,0.0976408034384031,-0.13419894958846434,0.00028123836019343775,0.008362602355130477,24.726954371635134,2.036234609539774,0.0225,0.0,1.96875,2.65625,0.47500000000000003,both,4.53125,0.0,0.10006026178598404,0.12,"{""roland-garros"": 0.05008893087506294, ""epstein"": 0.04999212920665741, ""hockey"": 0.10006026178598404, ""serie-a"": 0.049984320998191833, ""comex-silver-futures"": 0.05005732178688049, ""basketball"": 0.04978496953845024, ""ligue-1"": 0.10004100576043129, ""la-liga"": 0.09989253059029579, ""nba"": 0.049928076565265656, ""new-mexico-primary"": 0.05003471300005913, ""league-of-legends"": 0.05004430189728737, ""tennis"": 0.050083648413419724, ""airdrops"": 0.049971651285886765, ""south-dakota-primary"": 0.04998006299138069, ""primaries"": 0.04998716339468956, ""awards"": 0.0500795841217041, ""nba-champion"": 0.049989279359579086}"
0.011033670345422956,0.7890625,96,0.10875,0.064375,0.059375000000000004,online,0.06722773123559532,-0.16731053884686842,0.00019270683986481366,0.007661620771844009,2.2116460340604704,4.30611192350095,0.042499999999999996,0.0,1.21875,2.40625,0.275,both,0.78125,0.0,0.10217543691396713,0.12,"{""roland-garros"": 0.05949343740940094, ""epstein"": 0.054042305797338486, ""hockey"": 0.08805468678474426, ""serie-a"": 0.04112904891371727, ""comex-silver-futures"": 0.04923611879348755, ""basketball"": 0.03954663127660751, ""ligue-1"": 0.10217543691396713, ""la-liga"": 0.09554317966103554, ""nba"": 0.04970401152968407, ""new-mexico-primary"": 0.055260054767131805, ""league-of-legends"": 0.05538121610879898, ""tennis"": 0.061959993094205856, ""airdrops"": 0.05194133520126343, ""south-dakota-primary"": 0.05816599726676941, ""primaries"": 0.0450768917798996, ""awards"": 0.04029976204037666, ""nba-champion"": 0.05298995226621628}"
0.014713635881046414,0.3203125,48,0.11374999999999999,0.056875,0.021875000000000002,online,0.07023420459765166,-0.18141594151682894,0.00020061283807674846,0.008448421559215363,3.3071822015250705,6.26201441731364,0.0925,0.0,1.59375,2.53125,0.775,both,0.15625,0.0,0.10748050734400749,0.12,"{""roland-garros"": 0.05429859459400177, ""epstein"": 0.05057357996702194, ""hockey"": 0.09660924598574638, ""serie-a"": 0.04509100317955017, ""comex-silver-futures"": 0.048869580030441284, ""basketball"": 0.0409906767308712, ""ligue-1"": 0.10748050734400749, ""la-liga"": 0.10386861488223076, ""nba"": 0.05019272118806839, ""new-mexico-primary"": 0.052357565611600876, ""league-of-legends"": 0.0519714429974556, ""tennis"": 0.05574946850538254, ""airdrops"": 0.051356181502342224, ""south-dakota-primary"": 0.05424167960882187, ""primaries"": 0.04607487842440605, ""awards"": 0.0414896123111248, ""nba-champion"": 0.04878463223576546}"
0.04652860204648495,0.6953125,48,0.09375,0.08687500000000001,0.07187500000000001,online,0.07098422576951015,-0.1452546327215739,0.00021131422026669783,0.008155383852761738,16.535911007625348,1.4002289913197037,0.052500000000000005,0.0,1.09375,2.03125,0.375,both,2.65625,0.0,0.07721907272934914,0.12,"{""roland-garros"": 0.07082238793373108, ""epstein"": 0.05967945232987404, ""hockey"": 0.07124157436192036, ""serie-a"": 0.04412456974387169, ""comex-silver-futures"": 0.0549624040722847, ""basketball"": 0.04728739336133003, ""ligue-1"": 0.0764460526406765, ""la-liga"": 0.07721907272934914, ""nba"": 0.04861205816268921, ""new-mexico-primary"": 0.0554407499730587, ""league-of-legends"": 0.06404958665370941, ""tennis"": 0.07417626678943634, ""airdrops"": 0.054721005260944366, ""south-dakota-primary"": 0.05738518014550209, ""primaries"": 0.04476844146847725, ""awards"": 0.04243701696395874, ""nba-champion"": 0.05662684515118599}"
0.02616495573407474,0.5078125,48,0.10375,0.041875,0.096875,online,0.09758943568533306,-0.13438315973470882,0.0002812116644697013,0.008365220519782323,36.97542108293732,0.6621274096117952,0.0725,0.0,1.34375,2.28125,0.17500000000000002,both,3.90625,0.0,0.100012868642807,0.12,"{""roland-garros"": 0.04999681934714317, ""epstein"": 0.049997299909591675, ""hockey"": 0.100012868642807, ""serie-a"": 0.04999556392431259, ""comex-silver-futures"": 0.0500023327767849, ""basketball"": 0.049998603761196136, ""ligue-1"": 0.09997382760047913, ""la-liga"": 0.09999320283532143, ""nba"": 0.05001096427440643, ""new-mexico-primary"": 0.05000413581728935, ""league-of-legends"": 0.05000647157430649, ""tennis"": 0.04999940097332001, ""airdrops"": 0.05000099539756775, ""south-dakota-primary"": 0.049999892711639404, ""primaries"": 0.05000720173120499, ""awards"": 0.04999866336584091, ""nba-champion"": 0.050001826137304306}"
0.008274085499715908,0.8828125,96,0.08375,0.071875,0.046875,online,0.09502651788921758,-0.13371375577503486,0.00027383802777263905,0.00830142575155512,7.395084216587464,2.9611237953156437,0.0325,0.0,1.84375,2.78125,0.5750000000000001,both,1.40625,0.0,0.07934405654668808,0.12,"{""roland-garros"": 0.06449537724256516, ""epstein"": 0.05895649641752243, ""hockey"": 0.07270054519176483, ""serie-a"": 0.04488908872008324, ""comex-silver-futures"": 0.053060345351696014, ""basketball"": 0.04189077392220497, ""ligue-1"": 0.07934405654668808, ""la-liga"": 0.07500947639346123, ""nba"": 0.05339748039841652, ""new-mexico-primary"": 0.06026168167591095, ""league-of-legends"": 0.05955931171774864, ""tennis"": 0.06733307242393494, ""airdrops"": 0.056527622044086456, ""south-dakota-primary"": 0.06257098913192749, ""primaries"": 0.04910867288708687, ""awards"": 0.04436211660504341, ""nba-champion"": 0.056532882153987885}"
0.007165062851184819,0.3671875,96,0.10125,0.09062500000000001,0.015625,online,0.06722612199773251,-0.16056361803662667,0.00019184621921936124,0.008009967431572245,30.237221267665902,3.5708445054316043,0.0975,0.0,1.53125,2.46875,0.525,both,2.34375,0.0,0.08521575480699539,0.12,"{""roland-garros"": 0.07047425955533981, ""epstein"": 0.05884250998497009, ""hockey"": 0.07630177214741707, ""serie-a"": 0.04275502264499664, ""comex-silver-futures"": 0.05243397876620293, ""basketball"": 0.03845800831913948, ""ligue-1"": 0.08521575480699539, ""la-liga"": 0.07883851230144501, ""nba"": 0.04675973579287529, ""new-mexico-primary"": 0.05541643127799034, ""league-of-legends"": 0.06406842917203903, ""tennis"": 0.07410230487585068, ""airdrops"": 0.05347246304154396, ""south-dakota-primary"": 0.057673048228025436, ""primaries"": 0.04458083584904671, ""awards"": 0.04371057450771332, ""nba-champion"": 0.05689641088247299}"
0.04029210938807409,0.5546875,96,0.11125,0.075625,0.09062500000000001,online,0.08998067346995046,-0.13488786207438197,0.00025994153609555957,0.008211826180025342,2.7044992882081327,1.6885481140335177,0.0775,0.0,1.28125,2.71875,0.325,both,3.59375,0.0,0.09500327706336975,0.12,"{""roland-garros"": 0.06387358158826828, ""epstein"": 0.056329019367694855, ""hockey"": 0.08279770985245705, ""serie-a"": 0.042656708508729935, ""comex-silver-futures"": 0.050739847123622894, ""basketball"": 0.04423895478248596, ""ligue-1"": 0.09500327706336975, ""la-liga"": 0.08921688050031662, ""nba"": 0.04884568974375725, ""new-mexico-primary"": 0.053721897304058075, ""league-of-legends"": 0.059849392622709274, ""tennis"": 0.06677202135324478, ""airdrops"": 0.05105166137218475, ""south-dakota-primary"": 0.05313752964138985, ""primaries"": 0.04511818289756775, ""awards"": 0.0401800237596035, ""nba-champion"": 0.05646764114499092}"
0.012741483739896734,0.9296875,48,0.09125,0.045625,0.040625,online,0.09819795318561773,-0.1344396041375816,0.00028047898959005543,0.008335139604977065,13.522496441040662,7.551416732516023,0.037500000000000006,0.0,1.78125,2.21875,0.7250000000000001,both,1.09375,0.0,0.09928889572620392,0.12,"{""roland-garros"": 0.05021827295422554, ""epstein"": 0.05021710321307182, ""hockey"": 0.09928889572620392, ""serie-a"": 0.05015737935900688, ""comex-silver-futures"": 0.05021192878484726, ""basketball"": 0.049761343747377396, ""ligue-1"": 0.09926537051796913, ""la-liga"": 0.09900054708123207, ""nba"": 0.05020690709352493, ""new-mexico-primary"": 0.050216011703014374, ""league-of-legends"": 0.050217367708683014, ""tennis"": 0.05021708831191063, ""airdrops"": 0.050215672701597214, ""south-dakota-primary"": 0.05021582543849945, ""primaries"": 0.05018550530076027, ""awards"": 0.050200387835502625, ""nba-champion"": 0.050204385071992874}"
0.009554764874852207,0.4609375,48,0.08625,0.053125000000000006,0.078125,online,0.09496062866345753,-0.13411462392042017,0.00027147839753794556,0.00829780223138827,20.22084857217845,2.455512727548665,0.0675,0.0,1.40625,2.84375,0.225,both,0.46875,0.0,0.0913245752453804,0.12,"{""roland-garros"": 0.05259587988257408, ""epstein"": 0.05240410193800926, ""hockey"": 0.09027638658881187, ""serie-a"": 0.05038660764694214, ""comex-silver-futures"": 0.05232429504394531, ""basketball"": 0.04880975931882858, ""ligue-1"": 0.0913245752453804, ""la-liga"": 0.09099758788943291, ""nba"": 0.0522395558655262, ""new-mexico-primary"": 0.05257290601730347, ""league-of-legends"": 0.05247170850634575, ""tennis"": 0.052762288600206375, ""airdrops"": 0.052591823041439056, ""south-dakota-primary"": 0.05266691371798515, ""primaries"": 0.0517570860683918, ""awards"": 0.05161534249782562, ""nba-champion"": 0.05220329388976097}"
0.016991041644712792,0.2734375,48,0.09625,0.068125,0.003125,online,0.06786048213181052,-0.16468337425471247,0.00020292525682864474,0.008434568857559886,9.043038394024116,1.1611402789398255,0.08750000000000001,0.0,1.65625,2.09375,0.42500000000000004,both,4.21875,0.0,0.0912586897611618,0.12,"{""roland-garros"": 0.060384705662727356, ""epstein"": 0.05450470745563507, ""hockey"": 0.08005131408572197, ""serie-a"": 0.04694296792149544, ""comex-silver-futures"": 0.0515061654150486, ""basketball"": 0.04452505707740784, ""ligue-1"": 0.0912586897611618, ""la-liga"": 0.08804222196340561, ""nba"": 0.052543286234140396, ""new-mexico-primary"": 0.05486416444182396, ""league-of-legends"": 0.057579126209020615, ""tennis"": 0.06268076598644257, ""airdrops"": 0.053733304142951965, ""south-dakota-primary"": 0.05782728269696236, ""primaries"": 0.04836418479681015, ""awards"": 0.04229537397623062, ""nba-champion"": 0.05289663374423981}"
0.005373039141606588,0.6484375,96,0.11624999999999999,0.098125,0.053125000000000006,online,0.0015464256595112435,-0.4551150315039957,4.786316121136723e-06,0.008763958856324144,45.215191970120564,5.192777190245035,0.0475,0.0,1.15625,2.59375,0.025,both,1.71875,0.0,0.09219885244965553,0.12,"{""roland-garros"": 0.07105420529842377, ""epstein"": 0.05643628165125847, ""hockey"": 0.08279238641262054, ""serie-a"": 0.043048735707998276, ""comex-silver-futures"": 0.05223087966442108, ""basketball"": 0.03570127114653587, ""ligue-1"": 0.09219885244965553, ""la-liga"": 0.08487161621451378, ""nba"": 0.04639965668320656, ""new-mexico-primary"": 0.053608477115631104, ""league-of-legends"": 0.06272421032190323, ""tennis"": 0.07396842539310455, ""airdrops"": 0.05177507549524307, ""south-dakota-primary"": 0.05495193973183632, ""primaries"": 0.041976407170295715, ""awards"": 0.04192511737346649, ""nba-champion"": 0.054336462169885635}"
0.005569869299974016,0.44921875,96,0.108125,0.0728125,0.0671875,online,0.06102221423944531,-0.1996076735232456,0.00017036678829630166,0.00762422570360105,3.144961327052219,7.913289086918059,0.08375,0.0,1.984375,2.046875,0.3125,both,4.765625,0.0,0.0975981168448925,0.12,"{""roland-garros"": 0.06538823246955872, ""epstein"": 0.05669661983847618, ""hockey"": 0.0818118155002594, ""serie-a"": 0.04021357744932175, ""comex-silver-futures"": 0.049615439027547836, ""basketball"": 0.033418454229831696, ""ligue-1"": 0.0975981168448925, ""la-liga"": 0.09081070497632027, ""nba"": 0.05121804028749466, ""new-mexico-primary"": 0.057947803288698196, ""league-of-legends"": 0.059437211602926254, ""tennis"": 0.06880522519350052, ""airdrops"": 0.052701227366924286, ""south-dakota-primary"": 0.06056433171033859, ""primaries"": 0.042326461523771286, ""awards"": 0.038028646260499954, ""nba-champion"": 0.053418129682540894}"
0.017613473257365515,0.82421875,48,0.088125,0.0428125,0.0171875,online,0.09714399508222178,-0.13446585180395298,0.000279625004525466,0.008337790799142875,15.724806635261096,1.7694652323956017,0.04375,0.0,1.484375,2.546875,0.7125,both,2.265625,0.0,0.09919913113117218,0.12,"{""roland-garros"": 0.05018257722258568, ""epstein"": 0.05018552765250206, ""hockey"": 0.09919913113117218, ""serie-a"": 0.050158534198999405, ""comex-silver-futures"": 0.05017909035086632, ""basketball"": 0.05011102929711342, ""ligue-1"": 0.09919466450810432, ""la-liga"": 0.09915075823664665, ""nba"": 0.05018019303679466, ""new-mexico-primary"": 0.050184790045022964, ""league-of-legends"": 0.05018300563097, ""tennis"": 0.05018293112516403, ""airdrops"": 0.05018080770969391, ""south-dakota-primary"": 0.05018238723278046, ""primaries"": 0.05017876997590065, ""awards"": 0.05018437281250954, ""nba-champion"": 0.05018147826194763}"
0.03132167683284427,0.26171875,24,0.118125,0.0878125,0.0421875,online,0.07893997582281129,-0.1409180397397679,0.00023034839391698002,0.008088305219650297,35.16173656948354,0.8367284479804973,0.06375,0.0,1.234375,2.796875,0.5125000000000001,both,1.015625,0.0,0.09220308065414429,0.12,"{""roland-garros"": 0.06950610131025314, ""epstein"": 0.05337702855467796, ""hockey"": 0.07990094274282455, ""serie-a"": 0.04284188896417618, ""comex-silver-futures"": 0.05305679515004158, ""basketball"": 0.044495612382888794, ""ligue-1"": 0.09220308065414429, ""la-liga"": 0.08962686732411385, ""nba"": 0.04603786766529083, ""new-mexico-primary"": 0.05240189656615257, ""league-of-legends"": 0.061599668115377426, ""tennis"": 0.07339347153902054, ""airdrops"": 0.05264133960008621, ""south-dakota-primary"": 0.05190817266702652, ""primaries"": 0.040864333510398865, ""awards"": 0.04310154542326927, ""nba-champion"": 0.053043439984321594}"
0.009904783892751696,0.63671875,96,0.098125,0.0578125,0.0921875,online,0.06543432712989426,-0.183880895018261,0.00018294409164015856,0.007440649434840628,7.03234731389671,3.7419633767845775,0.02375,0.0,1.734375,2.296875,0.1125,both,3.515625,0.0,0.09533826261758804,0.12,"{""roland-garros"": 0.05517231300473213, ""epstein"": 0.05335604399442673, ""hockey"": 0.09012472257018089, ""serie-a"": 0.04547528177499771, ""comex-silver-futures"": 0.05185787379741669, ""basketball"": 0.04157038778066635, ""ligue-1"": 0.09533826261758804, ""la-liga"": 0.09240324422717094, ""nba"": 0.05208839848637581, ""new-mexico-primary"": 0.05453877151012421, ""league-of-legends"": 0.053526103496551514, ""tennis"": 0.05675337463617325, ""airdrops"": 0.053812891244888306, ""south-dakota-primary"": 0.05588305741548538, ""primaries"": 0.049069587141275406, ""awards"": 0.04735217243432999, ""nba-champion"": 0.05167759582400322}"
0.013208241601930461,0.35546875,96,0.083125,0.0653125,0.029687500000000002,online,0.09379263483592756,-0.13277457072281273,0.00026885503060885966,0.008281348617469328,4.702814087395407,5.441620893920894,0.07375,0.0,1.109375,2.671875,0.41250000000000003,both,2.890625,0.0,0.08154017105698586,0.12,"{""roland-garros"": 0.060706425458192825, ""epstein"": 0.05727558955550194, ""hockey"": 0.07593588531017303, ""serie-a"": 0.04625297337770462, ""comex-silver-futures"": 0.05520026013255119, ""basketball"": 0.04221619293093681, ""ligue-1"": 0.08154017105698586, ""la-liga"": 0.0778455100953579, ""nba"": 0.053936559706926346, ""new-mexico-primary"": 0.05909018591046333, ""league-of-legends"": 0.05746522545814514, ""tennis"": 0.06288205832242966, ""airdrops"": 0.056530945003032684, ""south-dakota-primary"": 0.061388202011585236, ""primaries"": 0.05096715688705444, ""awards"": 0.046057187020778656, ""nba-champion"": 0.054709624499082565}"
0.023487944083532462,0.54296875,48,0.093125,0.0503125,0.0546875,online,0.09709091605532404,-0.13394702193697605,0.0002779985063618028,0.008330133589891908,10.515811984959768,0.5753813559769708,0.09375,0.0,1.859375,2.421875,0.21250000000000002,both,1.640625,0.0,0.09872511401772499,0.12,"{""roland-garros"": 0.05064618960022926, ""epstein"": 0.05049780011177063, ""hockey"": 0.09832978993654251, ""serie-a"": 0.04975343495607376, ""comex-silver-futures"": 0.05045812949538231, ""basketball"": 0.04946388304233551, ""ligue-1"": 0.09872511401772499, ""la-liga"": 0.09816334024071693, ""nba"": 0.05027893930673599, ""new-mexico-primary"": 0.05051567405462265, ""league-of-legends"": 0.05055033415555954, ""tennis"": 0.050638630986213684, ""airdrops"": 0.05038022622466087, ""south-dakota-primary"": 0.05047767981886864, ""primaries"": 0.05019744485616684, ""awards"": 0.050498221069574356, ""nba-champion"": 0.05042523145675659}"
0.007427540085863879,0.91796875,96,0.113125,0.08031250000000001,0.004687500000000001,online,0.014585781685650851,-0.370006010566555,4.8076790609492755e-05,0.008626423963178021,2.1031623969919537,2.573183649901024,0.053750000000000006,0.0,1.359375,2.921875,0.6125,both,4.140625,0.0,0.09123945981264114,0.12,"{""roland-garros"": 0.06820695847272873, ""epstein"": 0.058202166110277176, ""hockey"": 0.0785142257809639, ""serie-a"": 0.03984013944864273, ""comex-silver-futures"": 0.04984288662672043, ""basketball"": 0.03971672058105469, ""ligue-1"": 0.09123945981264114, ""la-liga"": 0.08597013726830482, ""nba"": 0.0473855584859848, ""new-mexico-primary"": 0.056022610515356064, ""league-of-legends"": 0.06272870302200317, ""tennis"": 0.07263622432947159, ""airdrops"": 0.052776504307985306, ""south-dakota-primary"": 0.05635485798120499, ""primaries"": 0.04226582869887352, ""awards"": 0.04069971293210983, ""nba-champion"": 0.057597286999225616}"
0.008577189481714402,0.30859375,48,0.090625,0.0990625,0.035937500000000004,online,0.043758784685348835,-0.1976536539535071,0.00013213589243286892,0.008276110711021826,19.228994015012155,4.512465633708222,0.07875,0.0,1.046875,2.359375,0.6625000000000001,both,4.453125,0.0,0.08067180961370468,0.12,"{""roland-garros"": 0.07425253838300705, ""epstein"": 0.06168557330965996, ""hockey"": 0.06855524890124798, ""serie-a"": 0.03880894556641579, ""comex-silver-futures"": 0.05255461484193802, ""basketball"": 0.04078618437051773, ""ligue-1"": 0.07324102520942688, ""la-liga"": 0.07062173821032047, ""nba"": 0.05227162688970566, ""new-mexico-primary"": 0.06020587310194969, ""league-of-legends"": 0.06670906394720078, ""tennis"": 0.08067180961370468, ""airdrops"": 0.05481208860874176, ""south-dakota-primary"": 0.06745345890522003, ""primaries"": 0.04128803685307503, ""awards"": 0.04083854332566261, ""nba-champion"": 0.05524354428052902}"
0.02712345468505664,0.68359375,96,0.110625,0.0690625,0.0859375,online,0.09652979165077007,-0.13415110813595432,0.0002781617327297727,0.00833729916973018,3.8457988030024306,1.009017990310325,0.03875,0.0,1.546875,2.859375,0.2625,both,1.953125,0.0,0.09943776950240135,0.12,"{""roland-garros"": 0.06050362437963486, ""epstein"": 0.05458016321063042, ""hockey"": 0.08540888130664825, ""serie-a"": 0.04159063473343849, ""comex-silver-futures"": 0.0493292361497879, ""basketball"": 0.04362575709819794, ""ligue-1"": 0.09943776950240135, ""la-liga"": 0.09228591620922089, ""nba"": 0.04965917021036148, ""new-mexico-primary"": 0.053951989859342575, ""league-of-legends"": 0.05657383054494858, ""tennis"": 0.062355123460292816, ""airdrops"": 0.05307282879948616, ""south-dakota-primary"": 0.056689564138650894, ""primaries"": 0.045329660177230835, ""awards"": 0.04129057750105858, ""nba-champion"": 0.05431526526808739}"
0.04823308099555997,0.49609375,96,0.080625,0.08406250000000001,0.060937500000000006,online,0.029492094780180143,-0.24986591378847633,9.72652580529497e-05,0.0082966198161143,8.599467551300759,2.1338132544973742,0.09875,0.0,1.796875,2.609375,0.0625,both,0.703125,0.0,0.07511600852012634,0.12,"{""roland-garros"": 0.07084449380636215, ""epstein"": 0.06199667975306511, ""hockey"": 0.069280955940485, ""serie-a"": 0.04458005353808403, ""comex-silver-futures"": 0.053201302886009216, ""basketball"": 0.04316208139061928, ""ligue-1"": 0.06786992028355598, ""la-liga"": 0.07025254517793655, ""nba"": 0.051610175520181656, ""new-mexico-primary"": 0.05992637574672699, ""league-of-legends"": 0.06414729356765747, ""tennis"": 0.07511600852012634, ""airdrops"": 0.05537966638803482, ""south-dakota-primary"": 0.061283912509679794, ""primaries"": 0.048631224781274796, ""awards"": 0.04373277723789215, ""nba-champion"": 0.05898454785346985}"
0.01525263945133513,0.87109375,96,0.10062499999999999,0.0540625,0.010937500000000001,online,0.09524751976291869,-0.1299923831450538,0.00026392429132548085,0.00789296948509265,42.997337756503796,9.542702976692379,0.05875,0.0,1.296875,2.109375,0.4625,both,3.203125,0.0,0.0975554957985878,0.12,"{""roland-garros"": 0.05270969122648239, ""epstein"": 0.05212070420384407, ""hockey"": 0.09685509279370308, ""serie-a"": 0.046948645263910294, ""comex-silver-futures"": 0.0508171021938324, ""basketball"": 0.042506635189056396, ""ligue-1"": 0.09737122058868408, ""la-liga"": 0.0975554957985878, ""nba"": 0.0516396202147007, ""new-mexico-primary"": 0.052416130900382996, ""league-of-legends"": 0.05196203663945198, ""tennis"": 0.05332328751683235, ""airdrops"": 0.052463945001363754, ""south-dakota-primary"": 0.05273014307022095, ""primaries"": 0.0490533746778965, ""awards"": 0.049039408564567566, ""nba-champion"": 0.050487469881772995}"
0.011437866001591983,0.58984375,48,0.115625,0.0465625,0.0734375,online,0.09823132128485478,-0.13426827451246048,0.00028213508677730743,0.008395305289696543,28.754052764458567,3.103024166788022,0.08875000000000001,0.0,1.921875,2.984375,0.1625,both,2.578125,0.0,0.10001914203166962,0.12,"{""roland-garros"": 0.05000811070203781, ""epstein"": 0.050012703984975815, ""hockey"": 0.10001914203166962, ""serie-a"": 0.049997031688690186, ""comex-silver-futures"": 0.05000932514667511, ""basketball"": 0.04991507530212402, ""ligue-1"": 0.100004643201828, ""la-liga"": 0.0999552346765995, ""nba"": 0.050006359815597534, ""new-mexico-primary"": 0.05001308396458626, ""league-of-legends"": 0.05001167207956314, ""tennis"": 0.05001069977879524, ""airdrops"": 0.05001426488161087, ""south-dakota-primary"": 0.05000971630215645, ""primaries"": 0.049997251480817795, ""awards"": 0.05000956729054451, ""nba-champion"": 0.05000613257288933}"
0.03616970813683374,0.96484375,48,0.095625,0.0765625,0.0234375,online,0.06498412548932445,-0.16238063288521354,0.00019555711995648267,0.00786422917876151,5.750810552891712,0.6938572972762662,0.04875,0.0,1.421875,2.484375,0.5625,both,0.078125,0.0,0.08429278060793877,0.12,"{""roland-garros"": 0.06579173356294632, ""epstein"": 0.0570094957947731, ""hockey"": 0.07210198789834976, ""serie-a"": 0.046880535781383514, ""comex-silver-futures"": 0.051972731947898865, ""basketball"": 0.046127256006002426, ""ligue-1"": 0.08429278060793877, ""la-liga"": 0.07971467077732086, ""nba"": 0.0532505139708519, ""new-mexico-primary"": 0.05536670610308647, ""league-of-legends"": 0.060633741319179535, ""tennis"": 0.06856396794319153, ""airdrops"": 0.05463428422808647, ""south-dakota-primary"": 0.05927734449505806, ""primaries"": 0.046175893396139145, ""awards"": 0.04090364649891853, ""nba-champion"": 0.05730273202061653}"
0.020339721605415244,0.40234375,48,0.105625,0.061562500000000006,0.0484375,online,0.06212297695264195,-0.18968726628020416,0.00018601505181087204,0.008120320989312278,2.5718406643978047,1.4673295341369215,0.06875,0.0,1.171875,2.234375,0.7625000000000001,both,1.328125,0.0,0.10152286663651466,0.12,"{""roland-garros"": 0.057788945734500885, ""epstein"": 0.052392758429050446, ""hockey"": 0.08767197281122208, ""serie-a"": 0.04500987008213997, ""comex-silver-futures"": 0.04979206994175911, ""basketball"": 0.0437193289399147, ""ligue-1"": 0.10152286663651466, ""la-liga"": 0.09628504142165184, ""nba"": 0.050615109503269196, ""new-mexico-primary"": 0.0532597154378891, ""league-of-legends"": 0.05485843867063522, ""tennis"": 0.059236615896224976, ""airdrops"": 0.05251394584774971, ""south-dakota-primary"": 0.05566737428307533, ""primaries"": 0.04654954746365547, ""awards"": 0.04178250581026077, ""nba-champion"": 0.051333941519260406}"
0.006431984724684874,0.77734375,96,0.085625,0.0915625,0.09843750000000001,online,0.08492890918527782,-0.13697440539109984,0.00024281908984580475,0.008139522822184069,12.85920332198902,6.562097167446508,0.02875,0.0,1.671875,2.734375,0.36250000000000004,both,3.828125,0.0,0.07860293239355087,0.12,"{""roland-garros"": 0.07363130152225494, ""epstein"": 0.06297851353883743, ""hockey"": 0.06899883039295673, ""serie-a"": 0.04159363731741905, ""comex-silver-futures"": 0.053383827209472656, ""basketball"": 0.03706374764442444, ""ligue-1"": 0.06875593215227127, ""la-liga"": 0.07124199718236923, ""nba"": 0.052000466734170914, ""new-mexico-primary"": 0.06265465915203094, ""league-of-legends"": 0.06689545512199402, ""tennis"": 0.07860293239355087, ""airdrops"": 0.05725416541099548, ""south-dakota-primary"": 0.06233140453696251, ""primaries"": 0.04341597855091095, ""awards"": 0.04198486730456352, ""nba-champion"": 0.057212378829717636}"
0.005985425152478653,0.42578125,96,0.111875,0.0484375,0.045312500000000006,online,0.09702866603457345,-0.134628875526701,0.0002799559146651828,0.008360234172208176,7.776531523457728,0.631848520265209,0.04125,0.0,1.515625,2.140625,0.3875,both,3.046875,0.0,0.10002312064170837,0.12,"{""roland-garros"": 0.05000542849302292, ""epstein"": 0.05001349747180939, ""hockey"": 0.10002312064170837, ""serie-a"": 0.049978550523519516, ""comex-silver-futures"": 0.04999926686286926, ""basketball"": 0.04996170103549957, ""ligue-1"": 0.1000198982656002, ""la-liga"": 0.0999397300183773, ""nba"": 0.049996327608823776, ""new-mexico-primary"": 0.050010260194540024, ""league-of-legends"": 0.05001093074679375, ""tennis"": 0.05000702664256096, ""airdrops"": 0.05000217258930206, ""south-dakota-primary"": 0.05000599846243858, ""primaries"": 0.05000975355505943, ""awards"": 0.050012774765491486, ""nba-champion"": 0.05000361055135727}"
0.018927576246293154,0.80078125,48,0.091875,0.07843750000000001,0.09531250000000001,online,0.066943720230149,-0.1527888834811889,0.00019906074671381476,0.00798542437764847,38.88265761728865,2.825712485591322,0.08125,0.0,1.015625,2.640625,0.7875000000000001,both,0.546875,0.0,0.0796261765062809,0.12,"{""roland-garros"": 0.06718648970127106, ""epstein"": 0.05724760890007019, ""hockey"": 0.0743485540151596, ""serie-a"": 0.04496346414089203, ""comex-silver-futures"": 0.05357416346669197, ""basketball"": 0.04541920870542526, ""ligue-1"": 0.0796261765062809, ""la-liga"": 0.07855682820081711, ""nba"": 0.05138697475194931, ""new-mexico-primary"": 0.05854552984237671, ""league-of-legends"": 0.06258852779865265, ""tennis"": 0.06886471062898636, ""airdrops"": 0.05457211285829544, ""south-dakota-primary"": 0.05743103101849556, ""primaries"": 0.04692712798714638, ""awards"": 0.04327467083930969, ""nba-champion"": 0.05548688769340515}"
0.03365851912072493,0.61328125,48,0.101875,0.06343750000000001,0.0703125,online,0.062781233726118,-0.15933621857943958,0.00017917657706728496,0.007800918134144045,17.388853115621483,5.975654362018946,0.02125,0.0,1.265625,2.890625,0.5875,both,1.796875,0.0,0.09754947945475578,0.12,"{""roland-garros"": 0.05854131653904915, ""epstein"": 0.05251806974411011, ""hockey"": 0.08699430152773857, ""serie-a"": 0.04580225795507431, ""comex-silver-futures"": 0.050681158900260925, ""basketball"": 0.042723413556814194, ""ligue-1"": 0.09754947945475578, ""la-liga"": 0.09385417401790619, ""nba"": 0.05129196494817734, ""new-mexico-primary"": 0.053574271500110626, ""league-of-legends"": 0.05612985044717789, ""tennis"": 0.060415834188461304, ""airdrops"": 0.05247717350721359, ""south-dakota-primary"": 0.057603199034929276, ""primaries"": 0.047360312193632126, ""awards"": 0.04125382378697395, ""nba-champion"": 0.051229432225227356}"
0.010643758308981862,0.98828125,24,0.081875,0.0934375,0.0203125,online,0.08971139930772636,-0.13252335471141363,0.000257884956833942,0.00821606926811308,3.4777706231242966,1.3361969363517499,0.06125,0.0,1.765625,2.390625,0.1875,both,4.296875,0.0,0.07621297985315323,0.12,"{""roland-garros"": 0.07295411825180054, ""epstein"": 0.062373582273721695, ""hockey"": 0.06108556687831879, ""serie-a"": 0.0404793955385685, ""comex-silver-futures"": 0.05559568107128143, ""basketball"": 0.042640041559934616, ""ligue-1"": 0.06426463462412357, ""la-liga"": 0.06637302041053772, ""nba"": 0.05966943874955177, ""new-mexico-primary"": 0.05889394134283066, ""league-of-legends"": 0.06913859397172928, ""tennis"": 0.07621297985315323, ""airdrops"": 0.06301864236593246, ""south-dakota-primary"": 0.06322300434112549, ""primaries"": 0.04415710270404816, ""awards"": 0.04117811843752861, ""nba-champion"": 0.058742135763168335}"
0.044884356622365715,0.89453125,24,0.11687499999999999,0.0559375,0.0078125,online,0.09150212977794958,-0.13745398240018314,0.000261176541370998,0.008362069368814153,11.628626935730919,4.109194707036305,0.07125000000000001,0.0,1.890625,2.015625,0.08750000000000001,both,2.421875,0.0,0.10543545335531235,0.12,"{""roland-garros"": 0.053278930485248566, ""epstein"": 0.050775740295648575, ""hockey"": 0.0971485860645771, ""serie-a"": 0.0472203828394413, ""comex-silver-futures"": 0.04858260601758957, ""basketball"": 0.0451030470430851, ""ligue-1"": 0.10543545335531235, ""la-liga"": 0.10326042398810387, ""nba"": 0.0495794303715229, ""new-mexico-primary"": 0.05097179859876633, ""league-of-legends"": 0.05153176933526993, ""tennis"": 0.054171595722436905, ""airdrops"": 0.050197869539260864, ""south-dakota-primary"": 0.052334725856781006, ""primaries"": 0.04690522328019142, ""awards"": 0.04390991851687431, ""nba-champion"": 0.04959249868988991}"
0.02524032858333736,0.33203125,96,0.08687500000000001,0.0709375,0.0328125,online,0.03310602043695692,-0.2909062434472681,9.293284897482529e-05,0.007720339343760506,26.002400313279413,8.68988879820451,0.051250000000000004,0.0,1.640625,2.265625,0.28750000000000003,both,1.171875,0.0,0.08326824381947517,0.12,"{""roland-garros"": 0.06319855153560638, ""epstein"": 0.056772857904434204, ""hockey"": 0.07772765308618546, ""serie-a"": 0.04259621724486351, ""comex-silver-futures"": 0.05511397123336792, ""basketball"": 0.04110647365450859, ""ligue-1"": 0.08326824381947517, ""la-liga"": 0.08015692606568336, ""nba"": 0.052711959928274155, ""new-mexico-primary"": 0.05875210464000702, ""league-of-legends"": 0.059751201421022415, ""tennis"": 0.06598590314388275, ""airdrops"": 0.05584217980504036, ""south-dakota-primary"": 0.058291465044021606, ""primaries"": 0.049628812819719315, ""awards"": 0.044281356036663055, ""nba-champion"": 0.054814137518405914}"
0.007981692721439712,0.70703125,48,0.106875,0.0409375,0.08281250000000001,online,0.09718000446623028,-0.13430988072033556,0.00027981768027190643,0.008357011007100285,5.200480062655882,1.9431182069699238,0.09125000000000001,0.0,1.140625,2.765625,0.6875,both,3.671875,0.0,0.10004492476582527,0.12,"{""roland-garros"": 0.050022877752780914, ""epstein"": 0.05002840608358383, ""hockey"": 0.10004492476582527, ""serie-a"": 0.049952033907175064, ""comex-silver-futures"": 0.05000763386487961, ""basketball"": 0.049827683717012405, ""ligue-1"": 0.10003822296857834, ""la-liga"": 0.0998963713645935, ""nba"": 0.050003230571746826, ""new-mexico-primary"": 0.05002700537443161, ""league-of-legends"": 0.05002947896718979, ""tennis"": 0.050025638192892075, ""airdrops"": 0.05001372471451759, ""south-dakota-primary"": 0.05001889541745186, ""primaries"": 0.0500163771212101, ""awards"": 0.050027284771203995, ""nba-champion"": 0.0500202439725399}"
0.006911861136789497,0.56640625,96,0.089375,0.059687500000000004,0.051562500000000004,online,0.0919922170567188,-0.13012977680615034,0.00026324426374286526,0.00807360253711425,47.54744576216506,1.1080416796196488,0.036250000000000004,0.0,1.453125,2.453125,0.6375000000000001,both,2.734375,0.0,0.08730567991733551,0.12,"{""roland-garros"": 0.05591445416212082, ""epstein"": 0.055108316242694855, ""hockey"": 0.08373947069048882, ""serie-a"": 0.047820910811424255, ""comex-silver-futures"": 0.05300234630703926, ""basketball"": 0.046144746243953705, ""ligue-1"": 0.08730567991733551, ""la-liga"": 0.08562164753675461, ""nba"": 0.05283356457948685, ""new-mexico-primary"": 0.05488109961152077, ""league-of-legends"": 0.055003572255373, ""tennis"": 0.05758613348007202, ""airdrops"": 0.054846685379743576, ""south-dakota-primary"": 0.05565190687775612, ""primaries"": 0.05065616965293884, ""awards"": 0.049791425466537476, ""nba-champion"": 0.054091960191726685}"
0.021857224063055458,0.94140625,96,0.109375,0.0896875,0.0015625,online,0.05051227420715336,-0.21855134125905962,0.00014617075440300463,0.00844251561419321,9.50948915243301,4.955313035065157,0.07625,0.0,1.953125,2.953125,0.23750000000000002,both,0.234375,0.0,0.08752451092004776,0.12,"{""roland-garros"": 0.07083237171173096, ""epstein"": 0.05920376256108284, ""hockey"": 0.07386815175414085, ""serie-a"": 0.041760072112083435, ""comex-silver-futures"": 0.05214768275618553, ""basketball"": 0.03579821065068245, ""ligue-1"": 0.08752451092004776, ""la-liga"": 0.08143074810504913, ""nba"": 0.047524549067020416, ""new-mexico-primary"": 0.05803641676902771, ""league-of-legends"": 0.06498853862285614, ""tennis"": 0.07817630469799042, ""airdrops"": 0.0519396997988224, ""south-dakota-primary"": 0.056005898863077164, ""primaries"": 0.04379881173372269, ""awards"": 0.04032129794359207, ""nba-champion"": 0.056642960757017136}"
0.0388682515119388,0.37890625,24,0.09937499999999999,0.044687500000000005,0.026562500000000003,online,0.09681302059359179,-0.1339732816845971,0.00027908836798775294,0.008350129079417196,4.2527728352274154,2.3432228614484663,0.056249999999999994,0.0,1.703125,2.703125,0.037500000000000006,both,1.484375,0.0,0.0999574102461338,0.12,"{""roland-garros"": 0.05009349808096886, ""epstein"": 0.05006977170705795, ""hockey"": 0.0999574102461338, ""serie-a"": 0.04994684085249901, ""comex-silver-futures"": 0.050027333199977875, ""basketball"": 0.049738962203264236, ""ligue-1"": 0.09985438734292984, ""la-liga"": 0.09975527226924896, ""nba"": 0.05008786544203758, ""new-mexico-primary"": 0.050057921558618546, ""league-of-legends"": 0.05006251484155655, ""tennis"": 0.05007380619645119, ""airdrops"": 0.050037093460559845, ""south-dakota-primary"": 0.050075821578502655, ""primaries"": 0.049998845905065536, ""awards"": 0.05007722228765488, ""nba-champion"": 0.05008538067340851}"
0.009217114962045556,0.28515625,24,0.104375,0.0821875,0.0390625,online,0.07249936946117774,-0.14893578152466302,0.00021108354253066716,0.008010740886882582,14.220003014127123,1.6113313114075944,0.04625,0.0,1.578125,2.828125,0.1375,both,4.609375,0.0,0.08724867552518845,0.12,"{""roland-garros"": 0.06844215095043182, ""epstein"": 0.05596306174993515, ""hockey"": 0.07665633410215378, ""serie-a"": 0.042040396481752396, ""comex-silver-futures"": 0.05373399332165718, ""basketball"": 0.04081408306956291, ""ligue-1"": 0.08724867552518845, ""la-liga"": 0.08360068500041962, ""nba"": 0.05334550142288208, ""new-mexico-primary"": 0.054699454456567764, ""league-of-legends"": 0.06426028162240982, ""tennis"": 0.07075659185647964, ""airdrops"": 0.05511593818664551, ""south-dakota-primary"": 0.05527225509285927, ""primaries"": 0.04168698191642761, ""awards"": 0.04106799513101578, ""nba-champion"": 0.055295635014772415}"
0.029147076735680375,0.66015625,96,0.084375,0.0521875,0.0890625,online,0.09737902565540991,-0.13493454215881606,0.0002702008225069858,0.008047894611033382,2.844000602825425,7.206092693162526,0.08625000000000001,0.0,1.078125,2.328125,0.5375,both,2.109375,0.0,0.08824052661657333,0.12,"{""roland-garros"": 0.053154170513153076, ""epstein"": 0.053154390305280685, ""hockey"": 0.08824052661657333, ""serie-a"": 0.05093737691640854, ""comex-silver-futures"": 0.053099073469638824, ""basketball"": 0.04872409254312515, ""ligue-1"": 0.08787406608462334, ""la-liga"": 0.08768901973962784, ""nba"": 0.05292453244328499, ""new-mexico-primary"": 0.05323033034801483, ""league-of-legends"": 0.05324120819568634, ""tennis"": 0.05322109907865524, ""airdrops"": 0.053126346319913864, ""south-dakota-primary"": 0.053140874952077866, ""primaries"": 0.05217403173446655, ""awards"": 0.05311931297183037, ""nba-champion"": 0.052949514240026474}"
0.01639060575696729,0.47265625,48,0.114375,0.09718750000000001,0.06406250000000001,online,0.09302913987387708,-0.134097408076846,0.00026886132136467826,0.008320801507172236,6.3593786759680295,3.407550849128779,0.026250000000000002,0.0,1.328125,2.078125,0.7375,both,0.859375,0.0,0.08251984789967537,0.12,"{""roland-garros"": 0.07527609914541245, ""epstein"": 0.058624908328056335, ""hockey"": 0.07684957608580589, ""serie-a"": 0.04022138938307762, ""comex-silver-futures"": 0.05301167815923691, ""basketball"": 0.042258262634277344, ""ligue-1"": 0.08251984789967537, ""la-liga"": 0.08106818795204163, ""nba"": 0.049753207713365555, ""new-mexico-primary"": 0.0511145256459713, ""league-of-legends"": 0.0677642822265625, ""tennis"": 0.07764456421136856, ""airdrops"": 0.052718210965394974, ""south-dakota-primary"": 0.05027676373720169, ""primaries"": 0.04027315229177475, ""awards"": 0.044052716344594955, ""nba-champion"": 0.05657259747385979}"
0.0052772480043930155,0.548828125,96,0.1128125,0.09015625000000001,0.02109375,online,0.04739151759064712,-0.196347265589356,0.00014420634129338997,0.008067157609676169,16.125259784970723,1.8981692091542481,0.073125,0.0,1.7421875,2.1171875,0.7562500000000001,both,1.1328125,0.0,0.08611566200852394,0.12,"{""roland-garros"": 0.06993236392736435, ""epstein"": 0.05908990651369095, ""hockey"": 0.07869502902030945, ""serie-a"": 0.04119565337896347, ""comex-silver-futures"": 0.049305349588394165, ""basketball"": 0.03948450833559036, ""ligue-1"": 0.08611566200852394, ""la-liga"": 0.08366856351494789, ""nba"": 0.04522113874554634, ""new-mexico-primary"": 0.05510910972952843, ""league-of-legends"": 0.06451572477817535, ""tennis"": 0.07412903010845184, ""airdrops"": 0.05221046507358551, ""south-dakota-primary"": 0.05690707266330719, ""primaries"": 0.04441780224442482, ""awards"": 0.043613187968730927, ""nba-champion"": 0.05638948082923889}"
0.016688123471460203,0.923828125,96,0.09281249999999999,0.06015625,0.07109375,online,0.0700485379165204,-0.21458766770301163,0.00019421284695270461,0.008166917360827341,3.225051956994145,8.48887076893183,0.033125,0.0,1.2421875,2.6171875,0.35625,both,3.6328125,0.0,0.08973133936524391,0.12,"{""roland-garros"": 0.05746643617749214, ""epstein"": 0.055503491312265396, ""hockey"": 0.0842757485806942, ""serie-a"": 0.0455290824174881, ""comex-silver-futures"": 0.05301973596215248, ""basketball"": 0.04034595936536789, ""ligue-1"": 0.08973133936524391, ""la-liga"": 0.0869821272790432, ""nba"": 0.053887490183115005, ""new-mexico-primary"": 0.05634384974837303, ""league-of-legends"": 0.0549970306456089, ""tennis"": 0.05901610478758812, ""airdrops"": 0.056002240628004074, ""south-dakota-primary"": 0.05814126506447792, ""primaries"": 0.04974960908293724, ""awards"": 0.04642017185688019, ""nba-champion"": 0.05258829519152641}"
0.029676146361484933,0.361328125,24,0.1028125,0.07515625000000001,0.09609375,online,0.08786600824921607,-0.14508632984173064,0.00025523498281354215,0.008285248235383309,7.211435406807635,4.014139149814809,0.093125,0.0,1.4921875,2.8671875,0.15625,both,4.8828125,0.0,0.09239394217729568,0.12,"{""roland-garros"": 0.0635620579123497, ""epstein"": 0.05442804470658302, ""hockey"": 0.07760795578360558, ""serie-a"": 0.046601179987192154, ""comex-silver-futures"": 0.051159825176000595, ""basketball"": 0.043530989438295364, ""ligue-1"": 0.09239394217729568, ""la-liga"": 0.08814231306314468, ""nba"": 0.05333824083209038, ""new-mexico-primary"": 0.051237162202596664, ""league-of-legends"": 0.061312235891819, ""tennis"": 0.06545323133468628, ""airdrops"": 0.05499707907438278, ""south-dakota-primary"": 0.05514981597661972, ""primaries"": 0.04515586420893669, ""awards"": 0.041601695120334625, ""nba-champion"": 0.054328370839357376}"
0.009384421467881097,0.736328125,24,0.0828125,0.04515625,0.04609375,online,0.09743554034845542,-0.13432917006830392,0.00028083418765072546,0.00836038729054049,36.05717703403818,0.8975888010129122,0.053125000000000006,0.0,1.9921875,2.3671875,0.55625,both,2.3828125,0.0,0.09952731803059578,0.12,"{""roland-garros"": 0.05010661482810974, ""epstein"": 0.050108037889003754, ""hockey"": 0.09952731803059578, ""serie-a"": 0.05009659752249718, ""comex-silver-futures"": 0.05010254681110382, ""basketball"": 0.05008690059185028, ""ligue-1"": 0.09952260926365852, ""la-liga"": 0.09950679913163185, ""nba"": 0.05010025203227997, ""new-mexico-primary"": 0.05010377988219261, ""league-of-legends"": 0.050106361508369446, ""tennis"": 0.05010657384991646, ""airdrops"": 0.05010584741830826, ""south-dakota-primary"": 0.05010310187935829, ""primaries"": 0.05010144039988518, ""awards"": 0.05010874196887016, ""nba-champion"": 0.0501064769923687}"
0.01251432715587304,0.267578125,96,0.0978125,0.05265625,0.08359375000000001,online,0.09698116205038904,-0.13346836709053378,0.000278575734710629,0.008305570381742103,24.11288756633153,1.3052874873239186,0.083125,0.0,1.3671875,2.7421875,0.05625,both,1.7578125,0.0,0.099542997777462,0.12,"{""roland-garros"": 0.05173646658658981, ""epstein"": 0.05132317170500755, ""hockey"": 0.09797525778412819, ""serie-a"": 0.04760982468724251, ""comex-silver-futures"": 0.050262339413166046, ""basketball"": 0.046841442584991455, ""ligue-1"": 0.099542997777462, ""la-liga"": 0.09828565269708633, ""nba"": 0.050564393401145935, ""new-mexico-primary"": 0.05129694938659668, ""league-of-legends"": 0.05114050954580307, ""tennis"": 0.051967378705739975, ""airdrops"": 0.05117180198431015, ""south-dakota-primary"": 0.05119992420077324, ""primaries"": 0.049374449998140335, ""awards"": 0.04928014054894447, ""nba-champion"": 0.05042734742164612}"
0.039573777197055814,0.642578125,24,0.11781249999999999,0.08265625000000001,0.03359375,online,0.0640638093986229,-0.17161781369344542,0.00018879235379557445,0.008284515936093289,4.822577513266308,5.837423103672355,0.043125,0.0,1.8671875,2.2421875,0.45625000000000004,both,4.2578125,0.0,0.09702454507350922,0.12,"{""roland-garros"": 0.06697502732276917, ""epstein"": 0.05401002988219261, ""hockey"": 0.0796964056789875, ""serie-a"": 0.04154959321022034, ""comex-silver-futures"": 0.05057314783334732, ""basketball"": 0.04243068769574165, ""ligue-1"": 0.09702454507350922, ""la-liga"": 0.09091206267476082, ""nba"": 0.05038950964808464, ""new-mexico-primary"": 0.05034468695521355, ""league-of-legends"": 0.062447234988212585, ""tennis"": 0.0699266642332077, ""airdrops"": 0.05237477645277977, ""south-dakota-primary"": 0.05199312046170235, ""primaries"": 0.042415838688611984, ""awards"": 0.04061046615242958, ""nba-champion"": 0.05632622912526131}"
0.02225397031177999,0.455078125,96,0.0878125,0.06765625,0.00859375,online,0.0779086942798705,-0.15312716002326832,0.0002256883500135605,0.008077372854700041,2.156722229285071,2.7603469592497034,0.063125,0.0,1.6171875,2.4921875,0.65625,both,3.0078125,0.0,0.08333231881260872,0.12,"{""roland-garros"": 0.06231676787137985, ""epstein"": 0.05793420597910881, ""hockey"": 0.07696457579731941, ""serie-a"": 0.04500843957066536, ""comex-silver-futures"": 0.05320606753230095, ""basketball"": 0.04415016248822212, ""ligue-1"": 0.08333231881260872, ""la-liga"": 0.07968258857727051, ""nba"": 0.05270841717720032, ""new-mexico-primary"": 0.05843165144324303, ""league-of-legends"": 0.05813572183251381, ""tennis"": 0.06468657404184341, ""airdrops"": 0.055877190083265305, ""south-dakota-primary"": 0.06088520959019661, ""primaries"": 0.04834102466702461, ""awards"": 0.04329492896795273, ""nba-champion"": 0.05504416674375534}"
0.02569848400385757,0.783203125,24,0.1053125,0.04890625,0.02734375,online,0.09783200402005551,-0.13399400761281177,0.00028172014338884307,0.008368771992690259,19.71868596466018,3.3287260019707983,0.048125,0.0,1.8046875,2.8046875,0.6062500000000001,both,3.3203125,0.0,0.10010578483343124,0.12,"{""roland-garros"": 0.05005860701203346, ""epstein"": 0.050037749111652374, ""hockey"": 0.10010578483343124, ""serie-a"": 0.04998834431171417, ""comex-silver-futures"": 0.049989230930805206, ""basketball"": 0.04981764405965805, ""ligue-1"": 0.09999499469995499, ""la-liga"": 0.09985916316509247, ""nba"": 0.04997150972485542, ""new-mexico-primary"": 0.04996886104345322, ""league-of-legends"": 0.050023797899484634, ""tennis"": 0.05005552992224693, ""airdrops"": 0.05002664402127266, ""south-dakota-primary"": 0.050043169409036636, ""primaries"": 0.050033558160066605, ""awards"": 0.05004887282848358, ""nba-champion"": 0.04997655749320984}"
0.045699084973274524,0.595703125,24,0.0953125,0.09390625,0.0023437500000000003,online,0.028752401344519153,-0.28217789468908927,8.85974590086119e-05,0.009109539611472667,44.09232224395118,7.0393984367026405,0.068125,0.0,1.5546875,2.5546875,0.40625,both,4.5703125,0.0,0.07598353922367096,0.12,"{""roland-garros"": 0.07341243326663971, ""epstein"": 0.06055041402578354, ""hockey"": 0.06701481156051159, ""serie-a"": 0.04701344668865204, ""comex-silver-futures"": 0.05710982158780098, ""basketball"": 0.04529677703976631, ""ligue-1"": 0.071892861276865, ""la-liga"": 0.07545807585120201, ""nba"": 0.048637740314006805, ""new-mexico-primary"": 0.05537456274032593, ""league-of-legends"": 0.06394043564796448, ""tennis"": 0.07598353922367096, ""airdrops"": 0.05645304173231125, ""south-dakota-primary"": 0.06039866805076599, ""primaries"": 0.043031517416238785, ""awards"": 0.04116259142756462, ""nba-champion"": 0.05726931616663933}"
0.014451319550112257,0.970703125,48,0.1153125,0.06390625,0.05234375,online,0.0753189576294774,-0.154238396473947,0.00022057252798772474,0.00842741213614689,8.818464448790236,1.5740573425172855,0.028125,0.0,1.0546875,2.0546875,0.00625,both,2.0703125,0.0,0.1060728169977665,0.12,"{""roland-garros"": 0.05763841047883034, ""epstein"": 0.05077232047915459, ""hockey"": 0.09051833301782608, ""serie-a"": 0.04405686631798744, ""comex-silver-futures"": 0.048737782984972, ""basketball"": 0.04320864751935005, ""ligue-1"": 0.1060728169977665, ""la-liga"": 0.10152556002140045, ""nba"": 0.049627091735601425, ""new-mexico-primary"": 0.05209299549460411, ""league-of-legends"": 0.05522092059254646, ""tennis"": 0.05989912897348404, ""airdrops"": 0.05029810965061188, ""south-dakota-primary"": 0.05488342046737671, ""primaries"": 0.044998858124017715, ""awards"": 0.0402781218290329, ""nba-champion"": 0.05017070844769478}"
0.03426947919325043,0.876953125,24,0.0803125,0.08640625,0.06484375,online,0.054057464844846,-0.1852145967833766,0.0001609557116608863,0.007818926203998862,29.486313024538596,2.2890184806222824,0.038125,0.0,1.1796875,2.4296875,0.10625000000000001,both,3.9453125,0.0,0.07498183846473694,0.12,"{""roland-garros"": 0.07229874283075333, ""epstein"": 0.06180424615740776, ""hockey"": 0.06480003893375397, ""serie-a"": 0.04482276737689972, ""comex-silver-futures"": 0.05713470280170441, ""basketball"": 0.04489794746041298, ""ligue-1"": 0.06723089888691902, ""la-liga"": 0.06868082284927368, ""nba"": 0.056632254272699356, ""new-mexico-primary"": 0.059209708124399185, ""league-of-legends"": 0.06553089618682861, ""tennis"": 0.07498183846473694, ""airdrops"": 0.056643348187208176, ""south-dakota-primary"": 0.06249774992465973, ""primaries"": 0.04542817920446396, ""awards"": 0.04082458093762398, ""nba-champion"": 0.0565812774002552}"
0.019271144343115533,0.314453125,24,0.1103125,0.04140625,0.08984375,online,0.09906548135976218,-0.1336518620891297,0.0002832917657257382,0.008354239734409323,13.186680065741143,4.840684725788766,0.098125,0.0,1.4296875,2.1796875,0.30625,both,2.6953125,0.0,0.1000339686870575,0.12,"{""roland-garros"": 0.05002903938293457, ""epstein"": 0.050019629299640656, ""hockey"": 0.1000339686870575, ""serie-a"": 0.0499800480902195, ""comex-silver-futures"": 0.05002898350358009, ""basketball"": 0.04982217401266098, ""ligue-1"": 0.09999047219753265, ""la-liga"": 0.09989984706044197, ""nba"": 0.05002541095018387, ""new-mexico-primary"": 0.050025179982185364, ""league-of-legends"": 0.05002979934215546, ""tennis"": 0.05002715066075325, ""airdrops"": 0.05002281442284584, ""south-dakota-primary"": 0.05002791807055473, ""primaries"": 0.050011664628982544, ""awards"": 0.05001489445567131, ""nba-champion"": 0.0500110425055027}"
0.006094070924211451,0.689453125,48,0.0903125,0.07140625,0.039843750000000004,online,0.07329188198220705,-0.14370745133524132,0.00021506830216300245,0.007938887189081562,2.6373360131482286,1.082410010450861,0.058124999999999996,0.0,1.9296875,2.6796875,0.70625,both,0.1953125,0.0,0.0826658122241497,0.12,"{""roland-garros"": 0.06577394157648087, ""epstein"": 0.05702642351388931, ""hockey"": 0.07410522177815437, ""serie-a"": 0.043450355529785156, ""comex-silver-futures"": 0.05248485133051872, ""basketball"": 0.04234099015593529, ""ligue-1"": 0.0826658122241497, ""la-liga"": 0.08054277300834656, ""nba"": 0.05519140511751175, ""new-mexico-primary"": 0.05676489695906639, ""league-of-legends"": 0.06196367368102074, ""tennis"": 0.06852062791585922, ""airdrops"": 0.05697404220700264, ""south-dakota-primary"": 0.06082180514931679, ""primaries"": 0.045379262417554855, ""awards"": 0.0405941866338253, ""nba-champion"": 0.05539973825216293}"
0.02070892257182203,0.712890625,96,0.0865625,0.09953125000000002,0.04296875,online,0.06428796791610893,-0.16992896864730112,0.00019492731275796236,0.008077147027835407,7.974571258674683,0.562071401276212,0.07062500000000001,0.0,1.2734375,2.7109375,0.33125000000000004,both,4.1015625,0.0,0.07626007497310638,0.12,"{""roland-garros"": 0.07199839502573013, ""epstein"": 0.061561018228530884, ""hockey"": 0.06994251720607281, ""serie-a"": 0.04330366477370262, ""comex-silver-futures"": 0.054241981357336044, ""basketball"": 0.048418499529361725, ""ligue-1"": 0.06013781391084194, ""la-liga"": 0.06648319214582443, ""nba"": 0.05141190439462662, ""new-mexico-primary"": 0.05780326947569847, ""league-of-legends"": 0.06620840728282928, ""tennis"": 0.07626007497310638, ""airdrops"": 0.0572592169046402, ""south-dakota-primary"": 0.057259514927864075, ""primaries"": 0.047778740525245667, ""awards"": 0.046237703412771225, ""nba-champion"": 0.06369401514530182}"
0.0368262506135614,0.525390625,48,0.1165625,0.05453125,0.017968750000000002,online,0.08255208552994527,-0.1508148531809994,0.00023991251817498922,0.008477774093364957,3.5663366851625296,1.1886362954224732,0.050625,0.0,1.0234375,2.9609375,0.13125,both,2.8515625,0.0,0.10407942906022072,0.12,"{""roland-garros"": 0.052553512156009674, ""epstein"": 0.05060482397675514, ""hockey"": 0.09797347709536552, ""serie-a"": 0.046765364706516266, ""comex-silver-futures"": 0.04938824474811554, ""basketball"": 0.04422617331147194, ""ligue-1"": 0.10407942906022072, ""la-liga"": 0.10198761150240898, ""nba"": 0.050291210412979126, ""new-mexico-primary"": 0.05159279331564903, ""league-of-legends"": 0.051409635692834854, ""tennis"": 0.05391779914498329, ""airdrops"": 0.05092686414718628, ""south-dakota-primary"": 0.05231375992298126, ""primaries"": 0.047916997224092484, ""awards"": 0.04433586075901985, ""nba-champion"": 0.04971647262573242}"
0.011645482962302734,0.900390625,96,0.0965625,0.08453125,0.06796875000000001,online,0.0952591100169527,-0.13408489371859322,0.0002740167435452925,0.008283026605974861,17.83168342581265,5.315743114176344,0.09062500000000001,0.0,1.5234375,2.4609375,0.53125,both,0.3515625,0.0,0.0808977335691452,0.12,"{""roland-garros"": 0.06847592443227768, ""epstein"": 0.060274362564086914, ""hockey"": 0.07511178776621819, ""serie-a"": 0.04384582117199898, ""comex-silver-futures"": 0.05015874281525612, ""basketball"": 0.03956831246614456, ""ligue-1"": 0.0808977335691452, ""la-liga"": 0.07784967869520187, ""nba"": 0.04857034981250763, ""new-mexico-primary"": 0.059643376618623734, ""league-of-legends"": 0.062153663486242294, ""tennis"": 0.07226505875587463, ""airdrops"": 0.055338721722364426, ""south-dakota-primary"": 0.061796873807907104, ""primaries"": 0.045805394649505615, ""awards"": 0.04277541860938072, ""nba-champion"": 0.05546882003545761}"
0.015529501118123526,0.619140625,96,0.0815625,0.07703125,0.0054687500000000005,online,0.04367987559762656,-0.23040196243864064,0.00012767690233537346,0.007864248891133439,11.924765412420959,3.655402763515602,0.040625,0.0,1.1484375,2.5859375,0.03125,both,0.9765625,0.0,0.07517199590802193,0.12,"{""roland-garros"": 0.06631668657064438, ""epstein"": 0.06016121059656143, ""hockey"": 0.07012555375695229, ""serie-a"": 0.04483705013990402, ""comex-silver-futures"": 0.05382025986909866, ""basketball"": 0.04307514801621437, ""ligue-1"": 0.07517199590802193, ""la-liga"": 0.07287856563925743, ""nba"": 0.051634203642606735, ""new-mexico-primary"": 0.06019560620188713, ""league-of-legends"": 0.06177951768040657, ""tennis"": 0.07038390636444092, ""airdrops"": 0.05558300390839577, ""south-dakota-primary"": 0.06285364180803299, ""primaries"": 0.048476651310920715, ""awards"": 0.045373138040304184, ""nba-champion"": 0.05733383819460869}"
0.049108594459401904,0.994140625,24,0.1015625,0.047031250000000004,0.055468750000000004,online,0.09664548474176816,-0.13358109894243153,0.0002780841321160162,0.008352209029378159,2.384953082484192,0.8173729064361474,0.080625,0.0,1.6484375,2.0859375,0.43125,both,3.4765625,0.0,0.09885528683662415,0.12,"{""roland-garros"": 0.050547946244478226, ""epstein"": 0.050497591495513916, ""hockey"": 0.09844603389501572, ""serie-a"": 0.04950406029820442, ""comex-silver-futures"": 0.0503486804664135, ""basketball"": 0.04901241138577461, ""ligue-1"": 0.09885528683662415, ""la-liga"": 0.09854337573051453, ""nba"": 0.050437990576028824, ""new-mexico-primary"": 0.05065273866057396, ""league-of-legends"": 0.05043111741542816, ""tennis"": 0.05069433152675629, ""airdrops"": 0.050553012639284134, ""south-dakota-primary"": 0.05051000416278839, ""primaries"": 0.050321780145168304, ""awards"": 0.05025715008378029, ""nba-champion"": 0.05038649961352348}"
0.027615792086535505,0.431640625,96,0.0915625,0.09203125000000001,0.08046875,online,0.01465934700015907,-0.4164592865806208,5.0121464664808946e-05,0.00921022265868591,5.332917215582316,1.7285332455609506,0.020625,0.0,1.8984375,2.3359375,0.6312500000000001,both,4.7265625,0.0,0.07560735940933228,0.12,"{""roland-garros"": 0.07264133542776108, ""epstein"": 0.05894899740815163, ""hockey"": 0.07439170777797699, ""serie-a"": 0.044377412647008896, ""comex-silver-futures"": 0.052887704223394394, ""basketball"": 0.04399247094988823, ""ligue-1"": 0.07121869549155235, ""la-liga"": 0.07355377078056335, ""nba"": 0.04946404695510864, ""new-mexico-primary"": 0.05801112577319145, ""league-of-legends"": 0.06493012607097626, ""tennis"": 0.07560735940933228, ""airdrops"": 0.056620337069034576, ""south-dakota-primary"": 0.0538870207965374, ""primaries"": 0.046037934720516205, ""awards"": 0.043083421885967255, ""nba-champion"": 0.060346584767103195}"
0.008732880238310588,0.806640625,48,0.1115625,0.06203125,0.030468750000000003,online,0.07327284951579771,-0.1483469555360981,0.00020436628941300066,0.007583352782991306,26.66458607791158,7.7302356768852425,0.060625,0.0,1.3984375,2.8359375,0.23125,both,2.2265625,0.0,0.10474764928221703,0.12,"{""roland-garros"": 0.057135507464408875, ""epstein"": 0.05218137800693512, ""hockey"": 0.09284230321645737, ""serie-a"": 0.0447169728577137, ""comex-silver-futures"": 0.04961135983467102, ""basketball"": 0.03895043954253197, ""ligue-1"": 0.10474764928221703, ""la-liga"": 0.10018385201692581, ""nba"": 0.04848355054855347, ""new-mexico-primary"": 0.05468810349702835, ""league-of-legends"": 0.05375853553414345, ""tennis"": 0.05891622230410576, ""airdrops"": 0.052390940487384796, ""south-dakota-primary"": 0.055750370025634766, ""primaries"": 0.04561558738350868, ""awards"": 0.04104972258210182, ""nba-champion"": 0.04897752404212952}"
0.00756236272655312,0.478515625,24,0.0940625,0.04328125,0.01171875,online,0.09787732680988079,-0.13426619112075688,0.00028148254491731776,0.008357731229844354,9.75166096233509,6.410300076467797,0.045625,0.0,1.2109375,2.3984375,0.28125,both,1.2890625,0.0,0.09965809062123299,0.12,"{""roland-garros"": 0.05012022331357002, ""epstein"": 0.05012005940079689, ""hockey"": 0.09965809062123299, ""serie-a"": 0.050060272216796875, ""comex-silver-futures"": 0.05011255666613579, ""basketball"": 0.04982335492968559, ""ligue-1"": 0.09962659701704979, ""la-liga"": 0.09947068616747856, ""nba"": 0.050104666501283646, ""new-mexico-primary"": 0.05012135952711105, ""league-of-legends"": 0.05012223497033119, ""tennis"": 0.050122249871492386, ""airdrops"": 0.05011748522520065, ""south-dakota-primary"": 0.05011998862028122, ""primaries"": 0.05008682608604431, ""awards"": 0.05010668933391571, ""nba-champion"": 0.05010669305920601}"
0.02391429070826896,0.853515625,96,0.1140625,0.07328125,0.06171875,online,0.06097127989114117,-0.21875883578732835,0.00018651774578092638,0.009292527661645683,48.75830481167545,1.4333866727154096,0.085625,0.0,1.7109375,2.8984375,0.68125,both,3.7890625,0.0,0.09406646713614464,0.12,"{""roland-garros"": 0.06310626119375229, ""epstein"": 0.05724596977233887, ""hockey"": 0.08481784537434578, ""serie-a"": 0.0425194576382637, ""comex-silver-futures"": 0.0524955578148365, ""basketball"": 0.04509111866354942, ""ligue-1"": 0.09406646713614464, ""la-liga"": 0.08923034742474556, ""nba"": 0.047010987997055054, ""new-mexico-primary"": 0.05217872932553291, ""league-of-legends"": 0.05743138864636421, ""tennis"": 0.06521262228488922, ""airdrops"": 0.0525878481566906, ""south-dakota-primary"": 0.05298388749361038, ""primaries"": 0.046643055975437164, ""awards"": 0.043900907039642334, ""nba-champion"": 0.05347752943634987}"
0.042526290772199826,0.291015625,96,0.0840625,0.05828125000000001,0.08671875000000001,online,0.08333941846526931,-0.14222214322667048,0.00024288472087964213,0.00793098802713149,21.805376805312278,0.6778067090887899,0.025625000000000002,0.0,1.9609375,2.6484375,0.48125,both,2.5390625,0.0,0.0891496054828167,0.12,"{""roland-garros"": 0.055236149579286575, ""epstein"": 0.053700391203165054, ""hockey"": 0.08574631437659264, ""serie-a"": 0.04914546385407448, ""comex-silver-futures"": 0.05188103765249252, ""basketball"": 0.04839484766125679, ""ligue-1"": 0.0891496054828167, ""la-liga"": 0.08771134912967682, ""nba"": 0.05263643339276314, ""new-mexico-primary"": 0.05316205322742462, ""league-of-legends"": 0.054415784776210785, ""tennis"": 0.0561661422252655, ""airdrops"": 0.05327576398849487, ""south-dakota-primary"": 0.05371858552098274, ""primaries"": 0.05147501453757286, ""awards"": 0.05086356773972511, ""nba-champion"": 0.05332149937748909}"
0.010084572773651653,0.384765625,48,0.11906249999999999,0.09578125000000001,0.09921875000000001,online,0.0712465027826008,-0.15326032158957226,0.00020226266728302634,0.008242862029797293,2.9164268669820665,9.321957304238481,0.035625000000000004,0.0,1.8359375,2.7734375,0.58125,both,0.6640625,0.0,0.08610182255506516,0.12,"{""roland-garros"": 0.07211532443761826, ""epstein"": 0.05846968665719032, ""hockey"": 0.07958538830280304, ""serie-a"": 0.037667740136384964, ""comex-silver-futures"": 0.05317802354693413, ""basketball"": 0.038057755678892136, ""ligue-1"": 0.08610182255506516, ""la-liga"": 0.08055693283677101, ""nba"": 0.04433322325348854, ""new-mexico-primary"": 0.05638052895665169, ""league-of-legends"": 0.06812061369419098, ""tennis"": 0.07853186130523682, ""airdrops"": 0.055320776998996735, ""south-dakota-primary"": 0.05169346183538437, ""primaries"": 0.03968382999300957, ""awards"": 0.04440902918577194, ""nba-champion"": 0.055794037878513336}"
0.031890219194460896,0.759765625,48,0.0990625,0.06578125,0.049218750000000006,online,0.055470881552425855,-0.20591426149684489,0.00016382603735598674,0.008166612966583914,14.582134334910329,2.0844530215627928,0.075625,0.0,1.3359375,2.2734375,0.18125000000000002,both,3.1640625,0.0,0.0935073159635067,0.12,"{""roland-garros"": 0.05964665859937668, ""epstein"": 0.053257886320352554, ""hockey"": 0.0832308866083622, ""serie-a"": 0.045776039361953735, ""comex-silver-futures"": 0.0516991913318634, ""basketball"": 0.04462357610464096, ""ligue-1"": 0.0935073159635067, ""la-liga"": 0.09077238664031029, ""nba"": 0.05240117013454437, ""new-mexico-primary"": 0.05487268045544624, ""league-of-legends"": 0.0569831058382988, ""tennis"": 0.061193712055683136, ""airdrops"": 0.051225800067186356, ""south-dakota-primary"": 0.05731778219342232, ""primaries"": 0.047272004187107086, ""awards"": 0.041876018047332764, ""nba-champion"": 0.05434383451938629}"
0.01793318812242385,0.572265625,96,0.10906249999999999,0.08078125,0.02421875,online,0.09142072986455776,-0.13476619963069947,0.00026453110831954363,0.008248203431140633,32.60664362989318,0.9856769772521634,0.05562500000000001,0.0,1.0859375,2.0234375,0.38125000000000003,both,4.4140625,0.0,0.0865679495036602,0.12,"{""roland-garros"": 0.06686781346797943, ""epstein"": 0.05794430151581764, ""hockey"": 0.0824563018977642, ""serie-a"": 0.041161347180604935, ""comex-silver-futures"": 0.05130285397171974, ""basketball"": 0.0435095876455307, ""ligue-1"": 0.0865679495036602, ""la-liga"": 0.08451061695814133, ""nba"": 0.048097241669893265, ""new-mexico-primary"": 0.05332165211439133, ""league-of-legends"": 0.060395047068595886, ""tennis"": 0.07114554196596146, ""airdrops"": 0.05304800719022751, ""south-dakota-primary"": 0.055025339126586914, ""primaries"": 0.04343493655323982, ""awards"": 0.044053468853235245, ""nba-champion"": 0.05715799331665039}"
0.005670972017513789,0.947265625,24,0.0890625,0.05078125,0.07421875,online,0.09295917141878995,-0.13201894332555042,0.00026417024136878616,0.008194717453830595,6.521328725978635,4.408081449984703,0.095625,0.0,1.5859375,2.5234375,0.78125,both,1.9140625,0.0,0.09398136287927628,0.12,"{""roland-garros"": 0.05164891108870506, ""epstein"": 0.05147600919008255, ""hockey"": 0.09380628541111946, ""serie-a"": 0.05037777125835419, ""comex-silver-futures"": 0.05162286385893822, ""basketball"": 0.04933452978730202, ""ligue-1"": 0.09398136287927628, ""la-liga"": 0.09385744482278824, ""nba"": 0.051566995680332184, ""new-mexico-primary"": 0.051686666905879974, ""league-of-legends"": 0.05158352106809616, ""tennis"": 0.051689766347408295, ""airdrops"": 0.05167868360877037, ""south-dakota-primary"": 0.05168042704463005, ""primaries"": 0.05127030983567238, ""awards"": 0.05133096128702164, ""nba-champion"": 0.05140744894742966}"
