step,portfolio_return,cumulative_return,drawdown
0,0.0,1.0,0.0
1,0.0,1.0,0.0
2,0.0,1.0,0.0
3,0.0,1.0,0.0
4,0.0,1.0,0.0
5,0.0,1.0,0.0
6,0.035823167713525964,1.035823167713526,0.0
7,0.0,1.035823167713526,0.0
8,0.0,1.035823167713526,0.0
9,0.0,1.035823167713526,0.0
10,0.0,1.035823167713526,0.0
11,0.0,1.035823167713526,0.0
12,0.0,1.035823167713526,0.0
13,0.0,1.035823167713526,0.0
14,0.0,1.035823167713526,0.0
15,0.0,1.035823167713526,0.0
16,0.0,1.035823167713526,0.0
17,0.0,1.035823167713526,0.0
18,0.0,1.035823167713526,0.0
19,0.0,1.035823167713526,0.0
20,0.0,1.035823167713526,0.0
21,0.0,1.035823167713526,0.0
22,0.0,1.035823167713526,0.0
23,0.0,1.035823167713526,0.0
24,0.0,1.035823167713526,0.0
25,0.0,1.035823167713526,0.0
26,0.0,1.035823167713526,0.0
27,-0.0011511881520429004,1.0346307403552426,-0.001151188152042848
28,-0.018920762836933138,1.0150547374931806,-0.020050169630970394
29,0.0032562027374903393,1.0183599615081085,-0.01685925431071955
30,0.0,1.0183599615081085,-0.01685925431071955
31,0.0,1.0183599615081085,-0.01685925431071955
32,0.0,1.0183599615081085,-0.01685925431071955
33,0.0,1.0183599615081085,-0.01685925431071955
34,0.0,1.0183599615081085,-0.01685925431071955
35,0.0,1.0183599615081085,-0.01685925431071955
36,0.0,1.0183599615081085,-0.01685925431071955
37,-0.0020738157390750786,1.016248070591889,-0.018898107062855996
38,0.00699161773636227,1.0233532886267833,-0.01203861766701797
39,0.0,1.0233532886267833,-0.01203861766701797
40,0.009640366866670816,1.0332187897633596,-0.002514307491224832
41,0.0,1.0332187897633596,-0.002514307491224832
42,-0.0015582311977731435,1.031608796011025,-0.004068620816624291
43,0.0,1.031608796011025,-0.004068620816624291
44,0.0,1.031608796011025,-0.004068620816624291
45,0.0,1.031608796011025,-0.004068620816624291
46,-0.0014437254330124532,1.0301194361553045,-0.005506472278286378
47,0.0,1.0301194361553045,-0.005506472278286378
48,0.002167563321012441,1.032352285261377,-0.0033508445846124335
49,0.0,1.032352285261377,-0.0033508445846124335
50,0.010816565804871229,1.0435187916887159,0.0
51,0.00476053334448649,1.0484864976921482,0.0
52,0.0,1.0484864976921482,0.0
53,0.0,1.0484864976921482,0.0
54,0.0,1.0484864976921482,0.0
55,0.0,1.0484864976921482,0.0
56,0.0,1.0484864976921482,0.0
57,0.0,1.0484864976921482,0.0
58,0.0,1.0484864976921482,0.0
59,0.0,1.0484864976921482,0.0
60,0.0025026075844092896,1.0511104479534232,0.0
61,0.0,1.0511104479534232,0.0
62,0.008606647393282716,1.0601569849503538,0.0
63,-0.04045007079839706,1.0172735598516969,-0.04045007079839702
64,0.0,1.0172735598516969,-0.04045007079839702
65,-0.006589828641153869,1.0105699014110976,-0.0467733404044669
66,0.0,1.0105699014110976,-0.0467733404044669
67,0.0,1.0105699014110976,-0.0467733404044669
68,0.0,1.0105699014110976,-0.0467733404044669
69,0.0,1.0105699014110976,-0.0467733404044669
70,0.0009732749547132619,1.011553463786128,-0.04584558877051759
71,-0.014456551198078243,0.9969298893473106,-0.059639370867328734
72,0.0,0.9969298893473106,-0.059639370867328734
73,-0.0019506221146960024,0.9949852558583484,-0.06147365910630431
74,-0.004853849405688899,0.9901557472655311,-0.0660291246282746
75,-0.009040877952867631,0.981203870000173,-0.07447304132404331
76,0.0,0.981203870000173,-0.07447304132404331
77,0.0,0.981203870000173,-0.07447304132404331
78,0.0067859416784242215,0.9878622622366382,-0.06819246936065904
79,0.0,0.9878622622366382,-0.06819246936065904
80,0.0,0.9878622622366382,-0.06819246936065904
81,0.0,0.9878622622366382,-0.06819246936065904
82,0.0,0.9878622622366382,-0.06819246936065904
83,0.0,0.9878622622366382,-0.06819246936065904
84,-0.0066660066064521475,0.981277165870304,-0.07440390451584267
85,0.00312795144446353,0.9843465531987071,-0.07150868487198325
86,0.0,0.9843465531987071,-0.07150868487198325
87,0.0,0.9843465531987071,-0.07150868487198325
88,0.0,0.9843465531987071,-0.07150868487198325
89,0.03255024751027426,1.0163872771412106,-0.041286062753426056
90,0.0014318944866298217,1.0178426364796298,-0.03991328555242746
91,0.0,1.0178426364796298,-0.03991328555242746
92,0.0,1.0178426364796298,-0.03991328555242746
93,0.0,1.0178426364796298,-0.03991328555242746
94,-0.009010218661658626,1.0086716517617893,-0.0485638767837534
95,0.0,1.0086716517617893,-0.0485638767837534
96,0.0,1.0086716517617893,-0.0485638767837534
97,-0.022488835224738487,0.9859878011894537,-0.06996056698562747
98,-0.00025631868147891964,0.9857350740962986,-0.07019895346682115
99,0.0050757425815560146,0.9907384115860224,-0.0654795227025573
100,0.0,0.9907384115860224,-0.0654795227025573
101,0.0,0.9907384115860224,-0.0654795227025573
102,0.0,0.9907384115860224,-0.0654795227025573
103,0.0,0.9907384115860224,-0.0654795227025573
104,0.0,0.9907384115860224,-0.0654795227025573
105,0.0,0.9907384115860224,-0.0654795227025573
106,0.02719744482766027,1.017683964873777,-0.04006295358094136
107,0.0,1.017683964873777,-0.04006295358094136
108,0.0,1.017683964873777,-0.04006295358094136
109,0.0,1.017683964873777,-0.04006295358094136
110,0.0,1.017683964873777,-0.04006295358094136
111,0.0,1.017683964873777,-0.04006295358094136
112,0.014112882954733707,1.03204641955495,-0.026515474400916506
113,0.0,1.03204641955495,-0.026515474400916506
114,0.0,1.03204641955495,-0.026515474400916506
115,0.0,1.03204641955495,-0.026515474400916506
116,0.0,1.03204641955495,-0.026515474400916506
117,-0.0034652684617230305,1.028470101646232,-0.029888859625450293
118,0.0,1.028470101646232,-0.029888859625450293
119,0.0019714685281117775,1.0304976980837315,-0.027976316043431315
120,0.0,1.0304976980837315,-0.027976316043431315
121,0.0,1.0304976980837315,-0.027976316043431315
122,0.0,1.0304976980837315,-0.027976316043431315
123,0.0,1.0304976980837315,-0.027976316043431315
124,0.0,1.0304976980837315,-0.027976316043431315
125,-0.008139239633378903,1.0221102303773826,-0.03588784973647363
126,-0.01291986586792129,1.0089047032986767,-0.048344049399511535
127,0.0009630596869951727,1.0098763387464433,-0.04742754791759929
128,0.0,1.0098763387464433,-0.04742754791759929
129,0.0,1.0098763387464433,-0.04742754791759929
130,0.0,1.0098763387464433,-0.04742754791759929
131,0.01800502435660657,1.0280591868227338,-0.030276457716423177
132,0.0,1.0280591868227338,-0.030276457716423177
133,0.0,1.0280591868227338,-0.030276457716423177
134,-0.007947548176791214,1.0198886369068674,-0.037983382286890466
135,-0.020546911749988794,0.9989330750895256,-0.05774985283306444
136,0.0009398141541542158,0.9998718865325474,-0.05686431280800308
137,0.0,0.9998718865325474,-0.05686431280800308
138,0.0,0.9998718865325474,-0.05686431280800308
139,0.015191396408610874,1.015061336718689,-0.04253676471676193
140,0.0006477164315140772,1.0157188086254763,-0.04191660004669828
141,0.001576278309027355,1.0173198641515837,-0.04040639396511281
142,0.0,1.0173198641515837,-0.04040639396511281
143,0.0,1.0173198641515837,-0.04040639396511281
144,0.0009439981059183056,1.0182802121764558,-0.03950053941856457
145,0.0,1.0182802121764558,-0.03950053941856457
146,0.0,1.0182802121764558,-0.03950053941856457
147,0.0,1.0182802121764558,-0.03950053941856457
148,-0.013185124234719712,1.0048540610731524,-0.05216484413371214
149,0.0021167368936663732,1.0069810727369763,-0.05015852649017605
150,0.0,1.0069810727369763,-0.05015852649017605
151,0.0,1.0069810727369763,-0.05015852649017605
152,0.0,1.0069810727369763,-0.05015852649017605
153,0.0,1.0069810727369763,-0.05015852649017605
154,0.0,1.0069810727369763,-0.05015852649017605
155,0.00037944159942538807,1.0073631632458067,-0.049798117122267005
156,0.0,1.0073631632458067,-0.049798117122267005
157,-0.013027774745767768,0.9942394628678562,-0.062177133215402414
158,0.0,0.9942394628678562,-0.062177133215402414
159,0.0,0.9942394628678562,-0.062177133215402414
160,0.0,0.9942394628678562,-0.062177133215402414
161,0.0,0.9942394628678562,-0.062177133215402414
162,-0.0156835397084554,0.9786462687722549,-0.0768855153861161
163,0.0,0.9786462687722549,-0.0768855153861161
164,-0.00025020036624278107,0.978401411117386,-0.07711647896825047
165,-0.0009269660711288461,0.9774944662053355,-0.0779719606798509
166,0.0,0.9774944662053355,-0.0779719606798509
167,0.0,0.9774944662053355,-0.0779719606798509
168,0.0009348116532156747,0.9784082394232981,-0.07711003812410278
169,0.0,0.9784082394232981,-0.07711003812410278
170,0.0,0.9784082394232981,-0.07711003812410278
171,0.0,0.9784082394232981,-0.07711003812410278
172,0.0,0.9784082394232981,-0.07711003812410278
173,-0.0016253768073187951,0.9768179573628499,-0.07861008206384323
174,0.0,0.9768179573628499,-0.07861008206384323
175,0.0,0.9768179573628499,-0.07861008206384323
176,0.03515010819290623,1.0111532142489277,-0.046223126760534416
177,0.0,1.0111532142489277,-0.046223126760534416
178,0.0,1.0111532142489277,-0.046223126760534416
179,0.0,1.0111532142489277,-0.046223126760534416
180,0.0,1.0111532142489277,-0.046223126760534416
181,0.018094382541520244,1.0294494073156355,-0.028965123156884487
182,0.0020341160830917916,1.0315434269117856,-0.0269899254966548
183,0.0,1.0315434269117856,-0.0269899254966548
184,0.0,1.0315434269117856,-0.0269899254966548
185,0.0,1.0315434269117856,-0.0269899254966548
186,0.0,1.0315434269117856,-0.0269899254966548
187,-0.006388450674712665,1.0249534626101355,-0.03320595236361801
188,0.0,1.0249534626101355,-0.03320595236361801
189,0.0,1.0249534626101355,-0.03320595236361801
190,0.0,1.0249534626101355,-0.03320595236361801
191,0.006652803636259509,1.031772276733185,-0.02677406140798866
192,0.0,1.031772276733185,-0.02677406140798866
193,-0.0016145463678098875,1.0301064325513785,-0.028345379812200755
194,-0.000965007384345957,1.0291123722373041,-0.029283033695715832
195,0.0,1.0291123722373041,-0.029283033695715832
196,0.0,1.0291123722373041,-0.029283033695715832
197,0.0,1.0291123722373041,-0.029283033695715832
198,0.0,1.0291123722373041,-0.029283033695715832
199,0.00047877469270125726,1.029605085197077,-0.028818278978473666
200,0.0,1.029605085197077,-0.028818278978473666
201,0.0014986980630427005,1.0311481523439607,-0.027362770814316262
202,0.0,1.0311481523439607,-0.027362770814316262
203,-0.002037012701233216,1.0290476904607828,-0.029344045203859914
204,0.0,1.0290476904607828,-0.029344045203859914
205,0.0,1.0290476904607828,-0.029344045203859914
206,0.0,1.0290476904607828,-0.029344045203859914
207,0.0,1.0290476904607828,-0.029344045203859914
208,0.0,1.0290476904607828,-0.029344045203859914
209,0.0,1.0290476904607828,-0.029344045203859914
210,-0.007105683088302619,1.0217356036896188,-0.036241218806415065
211,0.0,1.0217356036896188,-0.036241218806415065
212,0.0,1.0217356036896188,-0.036241218806415065
213,0.0,1.0217356036896188,-0.036241218806415065
214,0.0,1.0217356036896188,-0.036241218806415065
215,0.0,1.0217356036896188,-0.036241218806415065
216,0.0,1.0217356036896188,-0.036241218806415065
217,0.0,1.0217356036896188,-0.036241218806415065
218,-0.005233920554210292,1.0163879207124993,-0.04128545570060471
219,0.0,1.0163879207124993,-0.04128545570060471
220,0.0,1.0163879207124993,-0.04128545570060471
221,0.0,1.0163879207124993,-0.04128545570060471
222,0.0,1.0163879207124993,-0.04128545570060471
223,0.0,1.0163879207124993,-0.04128545570060471
224,0.0,1.0163879207124993,-0.04128545570060471
225,0.0010334402961390226,1.0174382969462725,-0.04029468145803117
226,0.0,1.0174382969462725,-0.04029468145803117
227,0.0,1.0174382969462725,-0.04029468145803117
228,0.0,1.0174382969462725,-0.04029468145803117
229,0.0,1.0174382969462725,-0.04029468145803117
230,0.0,1.0174382969462725,-0.04029468145803117
231,0.0,1.0174382969462725,-0.04029468145803117
232,0.0,1.0174382969462725,-0.04029468145803117
233,0.0,1.0174382969462725,-0.04029468145803117
234,0.0,1.0174382969462725,-0.04029468145803117
235,0.0,1.0174382969462725,-0.04029468145803117
236,0.0,1.0174382969462725,-0.04029468145803117
237,0.0,1.0174382969462725,-0.04029468145803117
238,0.0,1.0174382969462725,-0.04029468145803117
239,0.15270787326382923,1.17280913545011,0.0
240,0.0,1.17280913545011,0.0
241,0.0,1.17280913545011,0.0
242,0.0,1.17280913545011,0.0
243,0.0004925324916839603,1.173386782055863,0.0
244,0.0,1.173386782055863,0.0
245,0.0,1.173386782055863,0.0
246,0.0,1.173386782055863,0.0
247,0.0,1.173386782055863,0.0
248,0.0010285614345567353,1.1745936824477041,0.0
249,0.0,1.1745936824477041,0.0
250,0.0,1.1745936824477041,0.0
251,0.0,1.1745936824477041,0.0
252,0.0,1.1745936824477041,0.0
253,0.0,1.1745936824477041,0.0
254,0.0,1.1745936824477041,0.0
255,0.0005050889792896456,1.1751869567718518,0.0
256,0.0,1.1751869567718518,0.0
257,0.0,1.1751869567718518,0.0
258,0.0,1.1751869567718518,0.0
259,0.0,1.1751869567718518,0.0
260,-0.004028484199537092,1.1704527346849944,-0.004028484199536941
261,-0.012578836990439374,1.155729800530378,-0.01655664754391173
262,0.0,1.155729800530378,-0.01655664754391173
263,-0.020497087538242344,1.1320407056383515,-0.03671437202810668
264,0.0,1.1320407056383515,-0.03671437202810668
265,0.000509368976809941,1.1326173320542896,-0.036223704213411034
266,0.0,1.1326173320542896,-0.036223704213411034
267,0.0,1.1326173320542896,-0.036223704213411034
268,0.0,1.1326173320542896,-0.036223704213411034
269,0.0005036024400528447,1.1331877209063583,-0.03573834411918775
270,0.0,1.1331877209063583,-0.03573834411918775
271,0.0,1.1331877209063583,-0.03573834411918775
272,0.0,1.1331877209063583,-0.03573834411918775
273,0.0,1.1331877209063583,-0.03573834411918775
274,-0.000908035742735297,1.1321587459525466,-0.036613928168076626
275,-0.009310131440771387,1.1216181992159096,-0.045583179125040285
276,0.0,1.1216181992159096,-0.045583179125040285
277,-0.003161022232638459,1.118072739151656,-0.04860011191503022
278,0.0,1.118072739151656,-0.04860011191503022
279,0.0,1.118072739151656,-0.04860011191503022
280,0.0,1.118072739151656,-0.04860011191503022
281,0.0,1.118072739151656,-0.04860011191503022
282,0.0,1.118072739151656,-0.04860011191503022
283,0.007135196371978221,1.1260504077036586,-0.04181168688526593
284,0.0,1.1260504077036586,-0.04181168688526593
285,0.024032269914944976,1.1531119550394267,-0.01878424671514689
286,0.0,1.1531119550394267,-0.01878424671514689
287,0.0,1.1531119550394267,-0.01878424671514689
288,-0.030918558562795333,1.1174593955280807,-0.04912202344582195
289,0.0077073679254527905,1.1260720662311696,-0.04179325702830894
290,0.0,1.1260720662311696,-0.04179325702830894
291,0.0,1.1260720662311696,-0.04179325702830894
292,0.0,1.1260720662311696,-0.04179325702830894
293,-0.005842400625834702,1.1194931020866856,-0.04739148470312582
294,0.0007091100334673005,1.1202869458777727,-0.04671598044696246
295,0.0,1.1202869458777727,-0.04671598044696246
296,0.0,1.1202869458777727,-0.04671598044696246
297,0.0,1.1202869458777727,-0.04671598044696246
298,0.0031953824940224016,1.1238666911729123,-0.04366987337905137
299,0.0,1.1238666911729123,-0.04366987337905137
300,0.0,1.1238666911729123,-0.04366987337905137
301,0.0,1.1238666911729123,-0.04366987337905137
302,0.0,1.1238666911729123,-0.04366987337905137
303,0.004380840910994781,1.128790172352107,-0.039480343235933524
304,-0.006143581246336306,1.1218553582181958,-0.04538137378596663
305,-0.007287946781691389,1.1136793360707462,-0.052338583530625926
306,0.0,1.1136793360707462,-0.052338583530625926
307,0.0004430851119145913,1.114172790804006,-0.05191868886585249
308,0.0,1.114172790804006,-0.05191868886585249
309,0.0,1.114172790804006,-0.05191868886585249
310,0.0,1.114172790804006,-0.05191868886585249
311,0.00025673629905880954,1.1144588394028292,-0.05167528197882498
312,-0.0018723632552121831,1.112372167622485,-0.05345089033485728
313,0.0,1.112372167622485,-0.05345089033485728
314,-0.005518201366066928,1.1062338740075357,-0.05867413892486084
315,0.0,1.1062338740075357,-0.05867413892486084
316,0.0013655997420612147,1.1077445467005398,-0.057388664571781156
317,0.0,1.1077445467005398,-0.057388664571781156
318,0.0,1.1077445467005398,-0.057388664571781156
319,0.0,1.1077445467005398,-0.057388664571781156
320,0.0002195620480476788,1.107987765361927,-0.05718170289646152
321,0.0,1.107987765361927,-0.05718170289646152
322,0.0,1.107987765361927,-0.05718170289646152
323,0.0,1.107987765361927,-0.05718170289646152
324,0.0,1.107987765361927,-0.05718170289646152
325,0.0,1.107987765361927,-0.05718170289646152
326,-0.0016907775471376833,1.1061144045257498,-0.05877579890423479
327,-0.0002191428375774869,1.1058720074764568,-0.058982061446459455
328,0.0,1.1058720074764568,-0.058982061446459455
329,0.0,1.1058720074764568,-0.058982061446459455
330,0.0,1.1058720074764568,-0.058982061446459455
331,0.0,1.1058720074764568,-0.058982061446459455
332,-0.0032206847214797446,1.1023103423980651,-0.062012783543797245
333,-0.0002185346744314504,1.1020694493662668,-0.06221776627476627
334,0.0,1.1020694493662668,-0.06221776627476627
335,0.0,1.1020694493662668,-0.06221776627476627
336,0.001754786002224891,1.1040033454094944,-0.06057215913789016
337,0.0,1.1040033454094944,-0.06057215913789016
338,0.0,1.1040033454094944,-0.06057215913789016
339,0.0,1.1040033454094944,-0.06057215913789016
340,0.0,1.1040033454094944,-0.06057215913789016
341,0.0,1.1040033454094944,-0.06057215913789016
342,-0.0051652024998346535,1.0983009445699594,-0.06542449416992535
343,-0.0004917182578336477,1.0977608899429183,-0.06588404200946629
344,0.0,1.0977608899429183,-0.06588404200946629
345,0.0,1.0977608899429183,-0.06588404200946629
346,0.0007463231632435651,1.0985801743227857,-0.06518688963286245
347,0.003202488196307218,1.1020983643637516,-0.06219316168115829
348,0.0008677548766136177,1.103054715593936,-0.06137937522388559
349,-0.0007383483159900913,1.1022402770022324,-0.062072404181542584
350,0.0,1.1022402770022324,-0.062072404181542584
351,0.0,1.1022402770022324,-0.062072404181542584
352,0.000230423439092733,1.1024942589975657,-0.06185628367929419
353,0.0,1.1024942589975657,-0.06185628367929419
354,0.0,1.1024942589975657,-0.06185628367929419
355,-0.00022449098803378935,1.1022467589720617,-0.06206688848908881
356,0.0,1.1022467589720617,-0.06206688848908881
357,0.0,1.1022467589720617,-0.06206688848908881
358,-0.018206758165379634,1.0821784187928838,-0.07914360982567004
359,0.0,1.0821784187928838,-0.07914360982567004
360,0.0,1.0821784187928838,-0.07914360982567004
361,-0.004528938792645935,1.0772772989714485,-0.08331411205358641
362,0.0,1.0772772989714485,-0.08331411205358641
363,0.001560291592975917,1.0789581656843377,-0.0818838147692238
364,0.0,1.0789581656843377,-0.0818838147692238
365,0.0,1.0789581656843377,-0.0818838147692238
366,0.0,1.0789581656843377,-0.0818838147692238
367,0.0,1.0789581656843377,-0.0818838147692238
368,0.0012363023854590764,1.0802920842383839,-0.08074874553929434
369,0.014415141195058826,1.0958646471645845,-0.06749760891250833
370,0.0006252678226580667,1.0965498560664453,-0.06691454517280948
371,0.0,1.0965498560664453,-0.06691454517280948
372,0.0,1.0965498560664453,-0.06691454517280948
373,-0.0009129175818280178,1.0955487964234913,-0.06776637528986906
374,0.0,1.0955487964234913,-0.06776637528986906
375,0.0,1.0955487964234913,-0.06776637528986906
376,0.0,1.0955487964234913,-0.06776637528986906
377,0.0,1.0955487964234913,-0.06776637528986906
378,0.0,1.0955487964234913,-0.06776637528986906
379,0.0,1.0955487964234913,-0.06776637528986906
380,-0.016235151886939997,1.0777623953140016,-0.08290132978115072
381,0.0,1.0777623953140016,-0.08290132978115072
382,0.018145281982427097,1.0973186978870302,-0.06626031580432079
383,-0.0019549209121111294,1.0951735266172802,-0.06808570303942307
384,-0.02643343752080744,1.066224325627,-0.0927194013828776
385,0.0,1.066224325627,-0.0927194013828776
386,0.004219597536656584,1.070723363164939,-0.08889104240389645
387,0.0,1.070723363164939,-0.08889104240389645
388,0.0,1.070723363164939,-0.08889104240389645
389,0.0,1.070723363164939,-0.08889104240389645
390,0.0,1.070723363164939,-0.08889104240389645
391,0.0,1.070723363164939,-0.08889104240389645
392,-0.0003183867070409989,1.0703824590791893,-0.08918112738466089
393,0.0,1.0703824590791893,-0.08918112738466089
394,0.0,1.0703824590791893,-0.08918112738466089
395,0.0003191177733242514,1.070724037146136,-0.08889046889413021
396,0.0,1.070724037146136,-0.08889046889413021
397,0.0,1.070724037146136,-0.08889046889413021
398,0.0,1.070724037146136,-0.08889046889413021
399,0.0,1.070724037146136,-0.08889046889413021
400,0.0,1.070724037146136,-0.08889046889413021
401,0.0,1.070724037146136,-0.08889046889413021
402,0.0,1.070724037146136,-0.08889046889413021
403,0.0,1.070724037146136,-0.08889046889413021
404,0.0,1.070724037146136,-0.08889046889413021
405,0.0,1.070724037146136,-0.08889046889413021
406,0.0,1.070724037146136,-0.08889046889413021
407,0.0,1.070724037146136,-0.08889046889413021
408,0.0,1.070724037146136,-0.08889046889413021
409,0.0,1.070724037146136,-0.08889046889413021
410,0.0,1.070724037146136,-0.08889046889413021
411,0.0,1.070724037146136,-0.08889046889413021
412,0.0,1.070724037146136,-0.08889046889413021
413,0.0,1.070724037146136,-0.08889046889413021
414,-0.017126943955410968,1.0523858065702227,-0.10449499077062119
415,0.06238899748358464,1.1180431020080928,-0.04862533100327182
416,0.0,1.1180431020080928,-0.04862533100327182
417,0.0,1.1180431020080928,-0.04862533100327182
418,0.0,1.1180431020080928,-0.04862533100327182
419,-0.0002917576465341782,1.117716904383927,-0.048902901837670654
420,0.0,1.117716904383927,-0.048902901837670654
421,0.0,1.117716904383927,-0.048902901837670654
422,0.0002867796757657616,1.118037442875364,-0.048630146520238005
423,0.0,1.118037442875364,-0.048630146520238005
424,0.0,1.118037442875364,-0.048630146520238005
425,0.0,1.118037442875364,-0.048630146520238005
426,0.019576125059808998,1.1399242836786412,-0.030006011290386048
427,0.0020820812096721273,1.1422976986101376,-0.02798640503299865
428,0.0010944961389498932,1.1435479390307977,-0.026922539906300558
429,0.0,1.1435479390307977,-0.026922539906300558
430,0.0,1.1435479390307977,-0.026922539906300558
431,0.0,1.1435479390307977,-0.026922539906300558
432,0.0,1.1435479390307977,-0.026922539906300558
433,0.032030699017283684,1.180176578877728,0.0
434,0.0,1.180176578877728,0.0
435,0.0,1.180176578877728,0.0
436,0.0,1.180176578877728,0.0
437,0.0,1.180176578877728,0.0
438,0.0,1.180176578877728,0.0
439,0.0,1.180176578877728,0.0
440,-0.000265112575557497,1.179863699225289,-0.00026511257555750234
441,0.0,1.179863699225289,-0.00026511257555750234
442,0.0,1.179863699225289,-0.00026511257555750234
443,0.0,1.179863699225289,-0.00026511257555750234
444,0.0,1.179863699225289,-0.00026511257555750234
445,0.0002658360172063115,1.1801773494919374,0.0
446,0.0,1.1801773494919374,0.0
447,0.0,1.1801773494919374,0.0
448,0.0,1.1801773494919374,0.0
449,0.0,1.1801773494919374,0.0
450,0.0,1.1801773494919374,0.0
451,0.0,1.1801773494919374,0.0
452,0.0,1.1801773494919374,0.0
453,0.0,1.1801773494919374,0.0
454,0.0,1.1801773494919374,0.0
455,0.0,1.1801773494919374,0.0
456,0.0,1.1801773494919374,0.0
457,0.0,1.1801773494919374,0.0
458,0.0,1.1801773494919374,0.0
459,0.0,1.1801773494919374,0.0
460,0.0,1.1801773494919374,0.0
461,0.0,1.1801773494919374,0.0
462,-0.004887060358606528,1.17440975155111,-0.004887060358606532
463,0.0,1.17440975155111,-0.004887060358606532
464,0.0005475927855222286,1.1750528498583064,-0.004342143692079081
465,-0.01811353960319569,1.15376848352655,-0.022377031703545547
466,0.0,1.15376848352655,-0.022377031703545547
467,0.0,1.15376848352655,-0.022377031703545547
468,0.0,1.15376848352655,-0.022377031703545547
469,0.0,1.15376848352655,-0.022377031703545547
470,0.0,1.15376848352655,-0.022377031703545547
471,0.0,1.15376848352655,-0.022377031703545547
472,0.0,1.15376848352655,-0.022377031703545547
473,0.0,1.15376848352655,-0.022377031703545547
474,0.0006285560528437302,1.154493691690451,-0.021762540869423752
475,0.0,1.154493691690451,-0.021762540869423752
476,0.0,1.154493691690451,-0.021762540869423752
477,-0.0006365701490561872,1.153758775469047,-0.02238525763459487
478,0.0,1.153758775469047,-0.02238525763459487
479,0.0,1.153758775469047,-0.02238525763459487
480,0.0,1.153758775469047,-0.02238525763459487
481,0.0,1.153758775469047,-0.02238525763459487
482,0.0,1.153758775469047,-0.02238525763459487
483,0.009681954185167959,1.164929415073874,-0.012920036488268116
484,0.0,1.164929415073874,-0.012920036488268116
485,0.0,1.164929415073874,-0.012920036488268116
486,-0.003597794721946998,1.1607382381728804,-0.016471347571130335
487,0.036692073787836454,1.203328131256283,0.0
488,0.009579723966973168,1.2148556825954118,0.0
489,0.0,1.2148556825954118,0.0
490,-0.005203135477172009,1.2085346238936556,-0.005203135477171994
491,0.0,1.2085346238936556,-0.005203135477171994
492,0.0009476426243782051,1.209679882816294,-0.0042604235657524026
493,0.0,1.209679882816294,-0.0042604235657524026
494,0.0,1.209679882816294,-0.0042604235657524026
495,0.0,1.209679882816294,-0.0042604235657524026
496,0.0,1.209679882816294,-0.0042604235657524026
497,0.0,1.209679882816294,-0.0042604235657524026
498,0.0,1.209679882816294,-0.0042604235657524026
499,0.0,1.209679882816294,-0.0042604235657524026
500,0.0,1.209679882816294,-0.0042604235657524026
501,0.0,1.209679882816294,-0.0042604235657524026
502,-0.0009348680314264808,1.2085489917655894,-0.0051913086633869066
503,0.0,1.2085489917655894,-0.0051913086633869066
504,0.0,1.2085489917655894,-0.0051913086633869066
505,0.0,1.2085489917655894,-0.0051913086633869066
506,0.002150063053788238,1.2111474483014777,-0.0030524072505565547
507,0.0180066815391183,1.232956194699958,0.0
508,0.02714925985783338,1.2664300428231927,0.0
509,0.0,1.2664300428231927,0.0
510,0.0009709856510162361,1.26765972822279,0.0
511,0.0,1.26765972822279,0.0
512,0.0,1.26765972822279,0.0
513,0.0,1.26765972822279,0.0
514,0.0,1.26765972822279,0.0
515,0.0,1.26765972822279,0.0
516,0.0,1.26765972822279,0.0
517,-0.01609851850403679,1.247252284631173,-0.016098518504036763
518,-0.0009449660974113573,1.2460736735072777,-0.01702827204724333
519,0.0,1.2460736735072777,-0.01702827204724333
520,0.0,1.2460736735072777,-0.01702827204724333
521,0.0,1.2460736735072777,-0.01702827204724333
522,0.0006440206766128544,1.2468761707175995,-0.01639521792991583
523,0.0,1.2468761707175995,-0.01639521792991583
524,0.0,1.2468761707175995,-0.01639521792991583
525,0.0,1.2468761707175995,-0.01639521792991583
526,0.0,1.2468761707175995,-0.01639521792991583
527,0.00031922636184398325,1.2472742064612474,-0.016081225353843376
528,0.0,1.2472742064612474,-0.016081225353843376
529,-0.0009563982878860683,1.2460813155456634,-0.017022243585333996
530,0.0,1.2460813155456634,-0.017022243585333996
531,0.0,1.2460813155456634,-0.017022243585333996
532,0.0,1.2460813155456634,-0.017022243585333996
533,0.0007466034059939184,1.2470116440999952,-0.01628834904437848
534,-0.006248038748036264,1.239220267028406,-0.022434617556443937
535,0.0013914294902560795,1.2409445546528726,-0.02107440425465834
536,0.000642713414298164,1.241742126364548,-0.020445235642673087
537,0.0,1.241742126364548,-0.020445235642673087
538,0.0,1.241742126364548,-0.020445235642673087
539,-0.01767257193651744,1.2197973493097665,-0.03775648768153639
540,0.0003199246223802612,1.2201875925161247,-0.03744864228922007
541,0.0,1.2201875925161247,-0.03744864228922007
542,0.0,1.2201875925161247,-0.03744864228922007
543,0.0,1.2201875925161247,-0.03744864228922007
544,-0.004306597394101763,1.2149327358098794,-0.04159396345802657
545,0.0,1.2149327358098794,-0.04159396345802657
546,-0.0032994190792003213,1.2109241635614032,-0.04475614662061389
547,0.0,1.2109241635614032,-0.04475614662061389
548,-0.009236096501092363,1.1997399511312454,-0.05357887103250125
549,-0.0008899697739827014,1.1986722188380992,-0.054421157230740924
550,0.0,1.1986722188380992,-0.054421157230740924
551,0.0,1.1986722188380992,-0.054421157230740924
552,0.0006458250416649718,1.199446351373773,-0.05381047873521194
553,0.0,1.199446351373773,-0.05381047873521194
554,0.0,1.199446351373773,-0.05381047873521194
555,-0.018820323050022125,1.1768723835597483,-0.07161807119196095
556,0.0003122157068504639,1.1772398216028543,-0.0713282157718308
557,0.0,1.1772398216028543,-0.0713282157718308
558,0.0,1.1772398216028543,-0.0713282157718308
559,0.0,1.1772398216028543,-0.0713282157718308
560,-0.0009345391275067087,1.1761396449271073,-0.07219609589080367
561,0.0,1.1761396449271073,-0.07219609589080367
562,0.0,1.1761396449271073,-0.07219609589080367
563,0.0,1.1761396449271073,-0.07219609589080367
564,-0.0032520660801845466,1.1723147610822795,-0.07521337549642004
565,0.017289659493537845,1.1925836841206403,-0.0592241296545748
566,0.0006377231809828021,1.193344222381266,-0.05862417507394624
567,0.0,1.193344222381266,-0.05862417507394624
568,0.0006219146010108987,1.1940863805771968,-0.05803871970338603
569,0.0,1.1940863805771968,-0.05803871970338603
570,0.0,1.1940863805771968,-0.05803871970338603
571,0.03423969268798828,1.2349715312910723,-0.025786254942046005
572,0.0,1.2349715312910723,-0.025786254942046005
573,0.0,1.2349715312910723,-0.025786254942046005
574,0.0,1.2349715312910723,-0.025786254942046005
575,-0.008234967198222875,1.2248015812401511,-0.03380887317665626
576,0.002080695895942097,1.2273500208635808,-0.031798523264379264
577,-0.012159621715545656,1.2124259088973126,-0.04357148696591717
578,-0.0128196914995661,1.196882982779168,-0.05583260544440283
579,0.0,1.196882982779168,-0.05583260544440283
580,0.0,1.196882982779168,-0.05583260544440283
581,0.0,1.196882982779168,-0.05583260544440283
582,0.006610070421145503,1.2047944635812091,-0.0495915924770407
583,-0.013913922652340777,1.1880310466029718,-0.06281550154744953
584,0.0003101530879345526,1.188399518100638,-0.06252483088129002
585,0.0,1.188399518100638,-0.06252483088129002
586,0.0,1.188399518100638,-0.06252483088129002
587,0.0,1.188399518100638,-0.06252483088129002
588,0.0,1.188399518100638,-0.06252483088129002
589,0.0,1.188399518100638,-0.06252483088129002
590,0.0,1.188399518100638,-0.06252483088129002
591,0.0,1.188399518100638,-0.06252483088129002
592,0.0,1.188399518100638,-0.06252483088129002
593,0.0,1.188399518100638,-0.06252483088129002
594,0.0,1.188399518100638,-0.06252483088129002
595,0.10277445763349533,1.3105366340253382,0.0
596,-0.0011487817215291947,1.3090311134947754,-0.0011487817215292129
597,-0.016255927748150288,1.2877515982937235,-0.01738603495701596
598,-0.0015485530638176476,1.2857574466107498,-0.01890766482313333
599,0.0,1.2857574466107498,-0.01890766482313333
600,0.0,1.2857574466107498,-0.01890766482313333
601,0.00031672736008962017,1.2861646811725305,-0.018596926037808492
602,0.0,1.2861646811725305,-0.018596926037808492
603,0.0,1.2861646811725305,-0.018596926037808492
604,-0.008230570570698805,1.2755788119985998,-0.026674433296354882
605,0.0012924841699753083,1.2772274774206638,-0.025416425409158228
606,0.0,1.2772274774206638,-0.025416425409158228
607,0.0,1.2772274774206638,-0.025416425409158228
608,-0.005843826055526731,1.2697635822092783,-0.03111172229564052
609,0.0,1.2697635822092783,-0.03111172229564052
610,0.0,1.2697635822092783,-0.03111172229564052
611,0.0,1.2697635822092783,-0.03111172229564052
612,0.0,1.2697635822092783,-0.03111172229564052
613,0.0,1.2697635822092783,-0.03111172229564052
614,-0.010242053990562756,1.2567585950450404,-0.04103512834671208
615,0.0,1.2567585950450404,-0.04103512834671208
616,0.0,1.2567585950450404,-0.04103512834671208
617,0.0,1.2567585950450404,-0.04103512834671208
618,0.0,1.2567585950450404,-0.04103512834671208
619,0.0,1.2567585950450404,-0.04103512834671208
620,0.0,1.2567585950450404,-0.04103512834671208
621,0.04946744263172149,1.3189272287473537,0.0
622,0.0,1.3189272287473537,0.0
623,0.0,1.3189272287473537,0.0
624,0.00032146664715446225,1.31935121986142,0.0
625,0.0,1.31935121986142,0.0
626,0.0,1.31935121986142,0.0
627,0.0,1.31935121986142,0.0
628,0.00012811612853235634,1.3195202500318828,0.0
629,0.0,1.3195202500318828,0.0
630,0.0,1.3195202500318828,0.0
631,0.0,1.3195202500318828,0.0
632,0.00031917997787702485,1.3199414144760961,0.0
633,0.0,1.3199414144760961,0.0
634,0.0,1.3199414144760961,0.0
635,0.0,1.3199414144760961,0.0
636,0.0,1.3199414144760961,0.0
637,-0.001266796714984441,1.318269317028266,-0.0012667967149844195
638,-0.0077423850695292114,1.308062768350488,-0.008999373756541251
639,0.00031952946855310835,1.3084807329516932,-0.008682719853101872
640,0.0,1.3084807329516932,-0.008682719853101872
641,0.0,1.3084807329516932,-0.008682719853101872
642,0.0,1.3084807329516932,-0.008682719853101872
643,-0.017468122994772486,1.2856240305722029,-0.025999172029551265
644,0.0,1.2856240305722029,-0.025999172029551265
645,0.0,1.2856240305722029,-0.025999172029551265
646,0.0,1.2856240305722029,-0.025999172029551265
647,0.0,1.2856240305722029,-0.025999172029551265
648,0.0,1.2856240305722029,-0.025999172029551265
649,-0.000952857758801057,1.2843990137397712,-0.026927256275561473
650,0.0,1.2843990137397712,-0.026927256275561473
651,0.0,1.2843990137397712,-0.026927256275561473
652,0.0,1.2843990137397712,-0.026927256275561473
653,0.0,1.2843990137397712,-0.026927256275561473
654,-0.008837562421677818,1.2730480572815046,-0.035526847389059424
655,0.04403069759053842,1.329101251309889,0.0
656,0.0,1.329101251309889,0.0
657,0.0,1.329101251309889,0.0
658,0.0,1.329101251309889,0.0
659,0.0,1.329101251309889,0.0
660,0.0,1.329101251309889,0.0
661,0.0,1.329101251309889,0.0
662,0.0,1.329101251309889,0.0
663,0.0,1.329101251309889,0.0
664,0.0,1.329101251309889,0.0
665,0.0,1.329101251309889,0.0
666,0.0,1.329101251309889,0.0
667,0.0,1.329101251309889,0.0
668,0.0,1.329101251309889,0.0
669,0.0,1.329101251309889,0.0
670,0.0,1.329101251309889,0.0
671,0.0006383679609383107,1.3299497069655681,0.0
672,0.0,1.3299497069655681,0.0
673,0.0,1.3299497069655681,0.0
674,0.0,1.3299497069655681,0.0
675,0.0,1.3299497069655681,0.0
676,0.0,1.3299497069655681,0.0
677,0.0,1.3299497069655681,0.0
678,0.0,1.3299497069655681,0.0
679,0.0,1.3299497069655681,0.0
680,0.0,1.3299497069655681,0.0
681,0.008984455012756845,1.3418985802770296,0.0
682,0.0,1.3418985802770296,0.0
683,0.007613939351179239,1.3521157146826923,0.0
684,0.0,1.3521157146826923,0.0
685,0.0,1.3521157146826923,0.0
686,0.0,1.3521157146826923,0.0
687,0.0,1.3521157146826923,0.0
688,0.006118368441900593,1.3603884568012048,0.0
689,0.0,1.3603884568012048,0.0
690,0.006202136405876709,1.3688257715752659,0.0
691,0.0,1.3688257715752659,0.0
692,0.0,1.3688257715752659,0.0
693,-0.0018828232037393685,1.3662485146506675,-0.0018828232037393366
694,0.01116133401027092,1.3814976706637203,0.0
695,0.0,1.3814976706637203,0.0
696,0.0,1.3814976706637203,0.0
697,0.0,1.3814976706637203,0.0
698,0.0019204103060670818,1.3841507130282706,0.0
699,0.0,1.3841507130282706,0.0
700,0.0,1.3841507130282706,0.0
701,0.0,1.3841507130282706,0.0
702,0.0,1.3841507130282706,0.0
703,0.0,1.3841507130282706,0.0
704,-0.0019013778551628731,1.3815189195143107,-0.0019013778551629779
705,0.00243420869112015,1.3848818248751396,0.0
706,0.0,1.3848818248751396,0.0
707,0.001928570786037962,1.3875526675047087,0.0
708,0.0,1.3875526675047087,0.0
709,0.0,1.3875526675047087,0.0
710,0.0,1.3875526675047087,0.0
711,0.0,1.3875526675047087,0.0
712,0.0,1.3875526675047087,0.0
713,-0.005700541052379111,1.37964286656126,-0.00570054105237916
714,0.0,1.37964286656126,-0.00570054105237916
715,0.0,1.37964286656126,-0.00570054105237916
716,0.0,1.37964286656126,-0.00570054105237916
717,-0.0006352802901937256,1.378766406640627,-0.006332199901198932
718,0.0,1.378766406640627,-0.006332199901198932
719,0.0009993348198318952,1.3801442559191974,-0.005339193069214598
720,-0.047554945148700886,1.3145115715316655,-0.0526402331843705
721,0.0,1.3145115715316655,-0.0526402331843705
722,0.0,1.3145115715316655,-0.0526402331843705
723,0.004222992743764609,1.3200627443598385,-0.04863953976337354
724,-0.01875696259160195,1.2953023768453136,-0.06648417232716108
725,0.0,1.2953023768453136,-0.06648417232716108
726,0.0,1.2953023768453136,-0.06648417232716108
727,0.0006419222307416195,1.296133860236543,-0.06588492776462873
728,0.0,1.296133860236543,-0.06588492776462873
729,0.0,1.296133860236543,-0.06588492776462873
730,0.002793940801731283,1.2997551815131634,-0.0632750655507982
731,0.0,1.2997551815131634,-0.0632750655507982
732,0.0,1.2997551815131634,-0.0632750655507982
733,0.0019582561544469906,1.3023004350966358,-0.0614407181828891
734,0.0,1.3023004350966358,-0.0614407181828891
735,0.0,1.3023004350966358,-0.0614407181828891
736,0.0,1.3023004350966358,-0.0614407181828891
737,0.0,1.3023004350966358,-0.0614407181828891
738,0.0,1.3023004350966358,-0.0614407181828891
739,-0.0019300914516574472,1.299786876159366,-0.06325222342959813
740,0.012061792352925179,1.3154646355626576,-0.05195336626154157
741,0.0,1.3154646355626576,-0.05195336626154157
742,0.0,1.3154646355626576,-0.05195336626154157
743,0.0009411323815584191,1.3167026619279807,-0.051061128875302786
744,0.0,1.3167026619279807,-0.051061128875302786
745,0.0,1.3167026619279807,-0.051061128875302786
746,-0.00222946713437085,1.3137671166174736,-0.05317675690100232
747,0.0,1.3137671166174736,-0.05317675690100232
748,0.00812885379418731,1.324446537428068,-0.04548016918891229
749,0.0,1.324446537428068,-0.04548016918891229
750,0.0,1.324446537428068,-0.04548016918891229
751,0.0,1.324446537428068,-0.04548016918891229
752,0.0,1.324446537428068,-0.04548016918891229
753,0.0,1.324446537428068,-0.04548016918891229
754,-0.0015264351840143095,1.322424855633992,-0.04693718184250173
755,0.0,1.322424855633992,-0.04693718184250173
756,0.0,1.322424855633992,-0.04693718184250173
757,0.0015408889421720836,1.324462565470892,-0.04546861788480738
758,0.0,1.324462565470892,-0.04546861788480738
759,0.0,1.324462565470892,-0.04546861788480738
760,0.0,1.324462565470892,-0.04546861788480738
761,-0.003925387198860585,1.3192635370710224,-0.04921552315307309
762,0.0,1.3192635370710224,-0.04921552315307309
763,0.0,1.3192635370710224,-0.04921552315307309
764,0.0,1.3192635370710224,-0.04921552315307309
765,0.0,1.3192635370710224,-0.04921552315307309
766,0.0,1.3192635370710224,-0.04921552315307309
767,0.0,1.3192635370710224,-0.04921552315307309
768,0.001248331539398802,1.3209104153531268,-0.048028628903454385
769,0.0,1.3209104153531268,-0.048028628903454385
770,0.0,1.3209104153531268,-0.048028628903454385
771,-0.00018675247124402816,1.3206637320687677,-0.04820641190956021
772,-0.0027306836427134647,1.3170574172180827,-0.05080545909179823
773,0.0,1.3170574172180827,-0.05080545909179823
774,-0.0011318614650215194,1.3155666906803127,-0.05187981581546108
775,0.0,1.3155666906803127,-0.05187981581546108
776,0.00283735072007403,1.31929941477742,-0.04918966632814836
777,0.0,1.31929941477742,-0.04918966632814836
778,0.0,1.31929941477742,-0.04918966632814836
779,0.0,1.31929941477742,-0.04918966632814836
780,0.0,1.31929941477742,-0.04918966632814836
781,0.0,1.31929941477742,-0.04918966632814836
782,0.0020230262620108486,1.3219683921409704,-0.047266152052938715
783,-0.0026834356564062636,1.3184209750208573,-0.04982275203158504
784,0.0,1.3184209750208573,-0.04982275203158504
785,0.0,1.3184209750208573,-0.04982275203158504
786,0.0,1.3184209750208573,-0.04982275203158504
787,0.0,1.3184209750208573,-0.04982275203158504
788,0.0,1.3184209750208573,-0.04982275203158504
789,0.0,1.3184209750208573,-0.04982275203158504
790,0.0,1.3184209750208573,-0.04982275203158504
791,0.01332219317555427,1.3359852339367877,-0.03716430718313335
792,0.0,1.3359852339367877,-0.03716430718313335
793,0.0,1.3359852339367877,-0.03716430718313335
794,0.0,1.3359852339367877,-0.03716430718313335
795,0.0,1.3359852339367877,-0.03716430718313335
796,-0.004411418040124869,1.3300916445744584,-0.0414117779281018
797,0.0,1.3300916445744584,-0.0414117779281018
798,0.0,1.3300916445744584,-0.0414117779281018
799,0.0,1.3300916445744584,-0.0414117779281018
800,0.0,1.3300916445744584,-0.0414117779281018
801,0.0,1.3300916445744584,-0.0414117779281018
802,0.0018590316797296226,1.3325643270786658,-0.039629732055454614
803,0.0,1.3325643270786658,-0.039629732055454614
804,-0.01300673133903934,1.315232020884366,-0.05212101011661052
805,0.0,1.315232020884366,-0.05212101011661052
806,0.0,1.315232020884366,-0.05212101011661052
807,0.0,1.315232020884366,-0.05212101011661052
808,-0.0018187877294179576,1.312839893023444,-0.05384500079238341
809,-0.005172421157360075,1.3060493321845432,-0.05873891292842681
810,0.0,1.3060493321845432,-0.05873891292842681
811,0.0,1.3060493321845432,-0.05873891292842681
812,-0.0006064429490462599,1.3052572877759334,-0.05930973407789297
813,0.0,1.3052572877759334,-0.05930973407789297
814,0.0,1.3052572877759334,-0.05930973407789297
815,-0.03740444190088828,1.2564348673896075,-0.0944957284763076
816,-0.0008787002549114004,1.2553308377513526,-0.09529139531051889
817,-0.0031291954986312834,1.251402662144568,-0.09812240540388617
818,0.0,1.251402662144568,-0.09812240540388617
819,0.0,1.251402662144568,-0.09812240540388617
820,0.0,1.251402662144568,-0.09812240540388617
821,0.0,1.251402662144568,-0.09812240540388617
822,0.004943680649350407,1.2575891972699575,-0.09366381059139883
823,0.0006462747329159792,1.258401945392541,-0.09307806841265676
824,0.004011597070429064,1.2634501469501,-0.08943986304879314
825,0.006269157580707381,1.2713709150166983,-0.08373141806353535
826,0.0,1.2713709150166983,-0.08373141806353535
827,0.0012613702565431606,1.2729745844739344,-0.08257566412727568
828,-0.0005780446788539062,1.272238748289063,-0.08310597638287809
829,0.0,1.272238748289063,-0.08310597638287809
830,-0.00016913689905777586,1.2720235657723162,-0.08326105699479724
831,0.0,1.2720235657723162,-0.08326105699479724
832,-0.03631041869521141,1.2258358575089476,-0.11654823184952168
833,0.0,1.2258358575089476,-0.11654823184952168
834,0.0,1.2258358575089476,-0.11654823184952168
835,-0.0038173656714590005,1.2211563937876495,-0.11992069030164909
836,-0.002877677679061892,1.217642299290603,-0.12245327488697222
837,0.0,1.217642299290603,-0.12245327488697222
838,0.0012201267114856688,1.2191279771850025,-0.12138255668708486
839,0.0,1.2191279771850025,-0.12138255668708486
840,0.0,1.2191279771850025,-0.12138255668708486
841,0.0,1.2191279771850025,-0.12138255668708486
842,0.00019072580197461295,1.2193604963461608,-0.1212149816705802
843,-0.011139702338438768,1.2057771833736137,-0.13100438519424928
844,-0.03324577922467142,1.1656901813410283,-0.15989482155128898
845,0.0,1.1656901813410283,-0.15989482155128898
846,-0.0005682763561867837,1.1650277471723332,-0.16037223346091145
847,0.0,1.1650277471723332,-0.16037223346091145
848,0.0,1.1650277471723332,-0.16037223346091145
849,0.0007619584755351153,1.1659154499385247,-0.1597324719679024
850,0.09744337052106855,1.2795261811231229,-0.07785397189704824
851,0.0,1.2795261811231229,-0.07785397189704824
852,0.0,1.2795261811231229,-0.07785397189704824
853,0.0020351787822114114,1.2821302456582289,-0.07597723986655236
854,-0.003964564284762825,1.2770471578778781,-0.07964058749968539
855,0.0,1.2770471578778781,-0.07964058749968539
856,0.0,1.2770471578778781,-0.07964058749968539
857,0.0008365630075849343,1.2781154882891002,-0.07887064886150508
858,0.0003038341228940848,1.2785038233874417,-0.07859077833302996
859,0.0,1.2785038233874417,-0.07859077833302996
860,0.0,1.2785038233874417,-0.07859077833302996
861,-0.00037310354642032376,1.278026809076824,-0.0789345593813382
862,0.0,1.278026809076824,-0.0789345593813382
863,-0.0042015106501904365,1.272657165827259,-0.08280442563961976
864,0.0,1.272657165827259,-0.08280442563961976
865,0.0,1.272657165827259,-0.08280442563961976
866,0.07369849383831024,1.3664500821212606,-0.0152084932540959
867,0.006314996864114496,1.3750792101048255,-0.008989537977188822
868,0.0,1.3750792101048255,-0.008989537977188822
869,0.0,1.3750792101048255,-0.008989537977188822
870,0.0,1.3750792101048255,-0.008989537977188822
871,0.0,1.3750792101048255,-0.008989537977188822
872,-0.001940640336588811,1.3724106759236914,-0.010912732853771812
873,0.0,1.3724106759236914,-0.010912732853771812
874,0.0,1.3724106759236914,-0.010912732853771812
875,0.0,1.3724106759236914,-0.010912732853771812
876,-0.026728251847353845,1.3357285377396058,-0.0373493064290672
877,0.0,1.3357285377396058,-0.0373493064290672
878,0.0,1.3357285377396058,-0.0373493064290672
879,0.0,1.3357285377396058,-0.0373493064290672
880,0.0,1.3357285377396058,-0.0373493064290672
881,-0.0008982878450940302,1.334528669029809,-0.03821404384617333
882,0.018472023755311963,1.3591801143062725,-0.020447910816574377
883,-0.02268690690398216,1.3283445215872622,-0.04267091787148003
884,0.0,1.3283445215872622,-0.04267091787148003
885,0.0,1.3283445215872622,-0.04267091787148003
886,0.0028609357153375967,1.332144829871344,-0.0399320609090873
887,0.0,1.332144829871344,-0.0399320609090873
888,0.0,1.332144829871344,-0.0399320609090873
889,0.0,1.332144829871344,-0.0399320609090873
890,-0.02980450615286827,1.292440911092932,-0.06854641170689402
891,-0.003989938304230977,1.2872841515958071,-0.07226285405743804
892,0.0,1.2872841515958071,-0.07226285405743804
893,0.0,1.2872841515958071,-0.07226285405743804
894,-0.005924723510231295,1.2796573489184992,-0.07775944013731884
895,0.0,1.2796573489184992,-0.07775944013731884
896,-0.014460629650524682,1.2611526979162166,-0.09109561932218557
897,0.0,1.2611526979162166,-0.09109561932218557
898,0.0,1.2611526979162166,-0.09109561932218557
899,0.0,1.2611526979162166,-0.09109561932218557
900,0.0,1.2611526979162166,-0.09109561932218557
901,0.0006280660848407189,1.2619447851535832,-0.09052476730631864
902,0.0,1.2619447851535832,-0.09052476730631864
903,0.0,1.2619447851535832,-0.09052476730631864
904,0.0,1.2619447851535832,-0.09052476730631864
905,0.0,1.2619447851535832,-0.09052476730631864
906,0.0,1.2619447851535832,-0.09052476730631864
907,0.0,1.2619447851535832,-0.09052476730631864
908,0.0,1.2619447851535832,-0.09052476730631864
909,0.0,1.2619447851535832,-0.09052476730631864
910,0.0006564849499359879,1.2627732329126868,-0.08992771050371562
911,0.0,1.2627732329126868,-0.08992771050371562
912,0.0,1.2627732329126868,-0.08992771050371562
913,0.0,1.2627732329126868,-0.08992771050371562
914,-0.0009485878861012244,1.261575381521053,-0.09079099405300817
915,0.009403729554177944,1.273438895221086,-0.08224103845285968
916,0.0,1.273438895221086,-0.08224103845285968
917,0.0,1.273438895221086,-0.08224103845285968
918,0.0,1.273438895221086,-0.08224103845285968
919,0.0,1.273438895221086,-0.08224103845285968
920,0.0,1.273438895221086,-0.08224103845285968
921,0.0005539275222243031,1.27414428807302,-0.08173266650529054
922,0.0,1.27414428807302,-0.08173266650529054
923,0.03678058162331581,1.3210080560603714,-0.04795825989366387
924,0.0,1.3210080560603714,-0.04795825989366387
925,0.00019279454402097582,1.3212627392061875,-0.04777471144049117
926,0.0,1.3212627392061875,-0.04777471144049117
927,0.0,1.3212627392061875,-0.04777471144049117
928,0.0,1.3212627392061875,-0.04777471144049117
929,0.0,1.3212627392061875,-0.04777471144049117
930,0.0,1.3212627392061875,-0.04777471144049117
931,0.0005237005668736645,1.3219546852516988,-0.04727603051708118
932,0.0,1.3219546852516988,-0.04727603051708118
933,0.0,1.3219546852516988,-0.04727603051708118
934,0.0,1.3219546852516988,-0.04727603051708118
935,0.0,1.3219546852516988,-0.04727603051708118
936,0.0,1.3219546852516988,-0.04727603051708118
937,0.0,1.3219546852516988,-0.04727603051708118
938,-0.00032317817605014443,1.3215274583476984,-0.04758393011181772
939,0.015389578727384412,1.3418652092083403,-0.03292664802304768
940,0.0,1.3418652092083403,-0.03292664802304768
941,-0.00018962047877112002,1.341610764084924,-0.033110024935056326
942,0.0005010315919962698,1.3422829534618927,-0.03262558251156433
943,0.00032364335075943894,1.3427173744146184,-0.032312498213649454
944,0.0,1.3427173744146184,-0.032312498213649454
945,0.0,1.3427173744146184,-0.032312498213649454
946,0.000190154562784931,1.342972698249894,-0.0321284880198347
947,-0.004964851818624001,1.3363050378066255,-0.036933826656283975
948,0.024270901978015902,1.3687383663919588,-0.013559341964715754
949,0.0,1.3687383663919588,-0.013559341964715754
950,0.0,1.3687383663919588,-0.013559341964715754
951,0.0,1.3687383663919588,-0.013559341964715754
952,0.0,1.3687383663919588,-0.013559341964715754
953,0.0,1.3687383663919588,-0.013559341964715754
954,0.0,1.3687383663919588,-0.013559341964715754
955,0.0,1.3687383663919588,-0.013559341964715754
956,0.0,1.3687383663919588,-0.013559341964715754
957,0.0,1.3687383663919588,-0.013559341964715754
958,0.0,1.3687383663919588,-0.013559341964715754
959,0.0,1.3687383663919588,-0.013559341964715754
960,0.0,1.3687383663919588,-0.013559341964715754
961,-0.01288681675410159,1.351099685879957,-0.026271421963611985
962,0.0,1.351099685879957,-0.026271421963611985
963,-0.05624385784412254,1.2751086272140861,-0.08103767368545023
964,-0.016000527805752222,1.2547062161689926,-0.09574155594008493
965,-0.006646819654559595,1.2463664102306624,-0.10175199873886387
966,0.0,1.2463664102306624,-0.10175199873886387
967,0.010389548327241625,1.2593155942832046,-0.09241960771991309
968,0.036441166698932645,1.3052065237810442,-0.059346319352151844
969,0.0,1.3052065237810442,-0.059346319352151844
970,0.0,1.3052065237810442,-0.059346319352151844
971,0.0,1.3052065237810442,-0.059346319352151844
972,0.0,1.3052065237810442,-0.059346319352151844
973,0.0,1.3052065237810442,-0.059346319352151844
974,0.0,1.3052065237810442,-0.059346319352151844
975,0.048665973544120784,1.3687256699369863,-0.013568492215563777
976,-0.024567844727892935,1.3350990302028931,-0.037802988333513254
977,-0.0009775400555606464,1.3337939174227296,-0.03874357445375798
978,0.0678952089377812,1.4243521341260874,0.0
979,-0.033210121700540184,1.377049226407336,-0.03321012170054016
980,0.0,1.377049226407336,-0.03321012170054016
981,0.0,1.377049226407336,-0.03321012170054016
982,0.0006343240725856302,1.3779227218807817,-0.03259686360760261
983,0.0,1.3779227218807817,-0.03259686360760261
984,-0.004576436616480354,1.3716167458816861,-0.03702412274388678
985,0.0,1.3716167458816861,-0.03702412274388678
986,0.0,1.3716167458816861,-0.03702412274388678
987,0.0,1.3716167458816861,-0.03702412274388678
988,0.0,1.3716167458816861,-0.03702412274388678
989,0.0,1.3716167458816861,-0.03702412274388678
990,0.0,1.3716167458816861,-0.03702412274388678
991,0.0,1.3716167458816861,-0.03702412274388678
992,0.0,1.3716167458816861,-0.03702412274388678
993,0.0,1.3716167458816861,-0.03702412274388678
994,0.0,1.3716167458816861,-0.03702412274388678
995,0.0,1.3716167458816861,-0.03702412274388678
996,0.0,1.3716167458816861,-0.03702412274388678
997,0.0,1.3716167458816861,-0.03702412274388678
998,0.0,1.3716167458816861,-0.03702412274388678
999,0.0,1.3716167458816861,-0.03702412274388678
1000,-0.008183394816327603,1.3603922645134499,-0.044904534546072905
1001,0.0016168577463499148,1.3625918252844031,-0.04336028104424994
1002,0.0,1.3625918252844031,-0.04336028104424994
1003,0.0,1.3625918252844031,-0.04336028104424994
1004,0.0,1.3625918252844031,-0.04336028104424994
1005,0.0,1.3625918252844031,-0.04336028104424994
1006,0.001072664706943892,1.364053429445356,-0.04233412738046538
1007,0.0003153866099998944,1.3644836336323274,-0.042032092387387365
1008,0.0,1.3644836336323274,-0.042032092387387365
1009,0.0,1.3644836336323274,-0.042032092387387365
1010,0.0,1.3644836336323274,-0.042032092387387365
1011,0.0,1.3644836336323274,-0.042032092387387365
1012,-0.029214227795600893,1.3246212979360232,-0.07001838506125746
1013,0.0,1.3246212979360232,-0.07001838506125746
1014,0.0,1.3246212979360232,-0.07001838506125746
1015,-0.0015853255987167373,1.3225213418838,-0.07149270872175562
1016,0.0,1.3225213418838,-0.07149270872175562
1017,0.024568297814332323,1.3550134400770115,-0.04868086506685276
1018,-0.06679042369764757,1.264511518298261,-0.11221987316071724
1019,0.0,1.264511518298261,-0.11221987316071724
1020,0.0,1.264511518298261,-0.11221987316071724
1021,-0.009138967196146642,1.2529551890133837,-0.12033326661729227
1022,0.0,1.2529551890133837,-0.12033326661729227
1023,0.0013823132775723948,1.25468716560736,-0.11911729161189877
1024,-0.0006549930704964536,1.2538653542082463,-0.11969426368181313
1025,0.0,1.2538653542082463,-0.11969426368181313
1026,0.0,1.2538653542082463,-0.11969426368181313
1027,0.0,1.2538653542082463,-0.11969426368181313
1028,0.0,1.2538653542082463,-0.11969426368181313
1029,0.0,1.2538653542082463,-0.11969426368181313
1030,-0.024747221668561296,1.2228356703451257,-0.14147938487458533
1031,0.0,1.2228356703451257,-0.14147938487458533
1032,0.0,1.2228356703451257,-0.14147938487458533
1033,0.0,1.2228356703451257,-0.14147938487458533
1034,-0.0015053977144927528,1.220994816321788,-0.14277179984643995
1035,0.0,1.220994816321788,-0.14277179984643995
1036,0.0,1.220994816321788,-0.14277179984643995
1037,0.0,1.220994816321788,-0.14277179984643995
1038,0.0,1.220994816321788,-0.14277179984643995
1039,0.0016013550199568288,1.222950062500246,-0.14139907316487565
1040,-0.004308183591462041,1.217681369107805,-0.14509808358948084
1041,0.0,1.217681369107805,-0.14509808358948084
1042,0.0,1.217681369107805,-0.14509808358948084
1043,-0.009046600572764874,1.2066654921365891,-0.15283203975613802
1044,0.004924314717451736,1.2126074927785586,-0.1486603181013555
1045,0.0,1.2126074927785586,-0.1486603181013555
1046,0.0,1.2126074927785586,-0.1486603181013555
1047,0.0,1.2126074927785586,-0.1486603181013555
1048,0.0,1.2126074927785586,-0.1486603181013555
1049,0.0,1.2126074927785586,-0.1486603181013555
1050,0.0,1.2126074927785586,-0.1486603181013555
1051,0.0,1.2126074927785586,-0.1486603181013555
1052,0.0,1.2126074927785586,-0.1486603181013555
1053,-0.009048473622117722,1.2016352458661697,-0.1563636427564774
1054,0.0,1.2016352458661697,-0.1563636427564774
1055,0.00047752972964052663,1.2022090624202546,-0.155960781314888
1056,-0.03138744477448718,1.1644747918661509,-0.1824530156788683
1057,0.0,1.1644747918661509,-0.1824530156788683
1058,0.0,1.1644747918661509,-0.1824530156788683
1059,-0.03684620633721351,1.121568313410567,-0.21257652055353138
1060,0.0,1.121568313410567,-0.21257652055353138
1061,0.0,1.121568313410567,-0.21257652055353138
1062,0.0,1.121568313410567,-0.21257652055353138
1063,0.0,1.121568313410567,-0.21257652055353138
1064,0.0,1.121568313410567,-0.21257652055353138
1065,-0.06076918815190975,1.0534115175477001,-0.26042760613124527
1066,0.0,1.0534115175477001,-0.26042760613124527
1067,0.0,1.0534115175477001,-0.26042760613124527
1068,0.0,1.0534115175477001,-0.26042760613124527
1069,0.0,1.0534115175477001,-0.26042760613124527
1070,0.0,1.0534115175477001,-0.26042760613124527
1071,0.0,1.0534115175477001,-0.26042760613124527
1072,0.04432018231600523,1.100098908059194,-0.2276496227990975
1073,0.0,1.100098908059194,-0.2276496227990975
1074,-0.04643227346241474,1.0490188147244857,-0.26351160672208906
1075,0.0,1.0490188147244857,-0.26351160672208906
1076,0.1198678120970726,1.1747624048941743,-0.17523035438497736
1077,0.0,1.1747624048941743,-0.17523035438497736
1078,0.0,1.1747624048941743,-0.17523035438497736
1079,0.0,1.1747624048941743,-0.17523035438497736
1080,0.0,1.1747624048941743,-0.17523035438497736
1081,0.0,1.1747624048941743,-0.17523035438497736
1082,0.0,1.1747624048941743,-0.17523035438497736
1083,0.0,1.1747624048941743,-0.17523035438497736
1084,0.0037866912782192176,1.1792108674467667,-0.1721072063613871
1085,0.0,1.1792108674467667,-0.1721072063613871
1086,0.0,1.1792108674467667,-0.1721072063613871
1087,0.0,1.1792108674467667,-0.1721072063613871
1088,0.9724962651729584,2.3259890318901117,0.0
1089,0.0026182016905616336,2.3320789403056343,0.0
1090,0.0,2.3320789403056343,0.0
1091,-0.007340520765723257,2.314960266417015,-0.007340520765723335
1092,-0.04016498103737831,2.2219799312140913,-0.047210669925741855
1093,0.0,2.2219799312140913,-0.047210669925741855
1094,-0.042842741523470194,2.126784219350748,-0.08803077692043348
1095,0.014134373386683451,2.1568449816199577,-0.07514066340426329
1096,0.036083948612213125,2.234672465101242,-0.0417680866290171
1097,0.0,2.234672465101242,-0.0417680866290171
1098,0.0,2.234672465101242,-0.0417680866290171
1099,-0.006504228817076857,2.220137644057002,-0.0480006462534075
1100,0.0,2.220137644057002,-0.0480006462534075
1101,0.0,2.220137644057002,-0.0480006462534075
1102,0.0,2.220137644057002,-0.0480006462534075
1103,0.0,2.220137644057002,-0.0480006462534075
1104,0.0,2.220137644057002,-0.0480006462534075
1105,0.0,2.220137644057002,-0.0480006462534075
1106,0.0,2.220137644057002,-0.0480006462534075
1107,0.0,2.220137644057002,-0.0480006462534075
1108,0.0,2.220137644057002,-0.0480006462534075
1109,0.0,2.220137644057002,-0.0480006462534075
1110,0.0,2.220137644057002,-0.0480006462534075
1111,0.03433087417057583,2.296356910156482,-0.015317676229463673
1112,0.005225249631405681,2.308355948254853,-0.010172465280129939
1113,-0.021681533753871916,2.2583072508468143,-0.03163344438467075
1114,0.0029622297076617996,2.2649968756743006,-0.028764920205720856
1115,0.004814656542949994,2.2759020577015274,-0.024088756874046657
1116,0.0,2.2759020577015274,-0.024088756874046657
1117,0.0,2.2759020577015274,-0.024088756874046657
1118,0.0,2.2759020577015274,-0.024088756874046657
1119,0.0,2.2759020577015274,-0.024088756874046657
1120,0.0,2.2759020577015274,-0.024088756874046657
1121,0.04561931052297914,2.379727140391701,0.0
1122,0.00038599952240474554,2.3806457139313455,0.0
1123,-0.0028631377105529515,2.3738295974123225,-0.00286313771055291
1124,0.0,2.3738295974123225,-0.00286313771055291
1125,0.0,2.3738295974123225,-0.00286313771055291
1126,0.0007656830407324298,2.3756471984766496,-0.0020996469258087735
1127,0.0,2.3756471984766496,-0.0020996469258087735
1128,0.03194719813764095,2.4515424702315145,0.0
1129,0.0,2.4515424702315145,0.0
1130,-0.0017723725676536575,2.4471974236088383,-0.0017723725676536128
1131,0.0,2.4471974236088383,-0.0017723725676536128
1132,0.0,2.4471974236088383,-0.0017723725676536128
1133,-0.02239889899889628,2.392382895687065,-0.024131572372418586
1134,0.0,2.392382895687065,-0.024131572372418586
1135,-0.0006042511614619713,2.3909372955436843,-0.024721242003246546
1136,0.0,2.3909372955436843,-0.024721242003246546
1137,-0.005355473441236154,2.378132694357739,-0.02994432148949988
1138,0.0,2.378132694357739,-0.02994432148949988
1139,0.0,2.378132694357739,-0.02994432148949988
1140,0.0,2.378132694357739,-0.02994432148949988
1141,0.0,2.378132694357739,-0.02994432148949988
1142,0.0009578017117101942,2.380410473923069,-0.02901520050016837
1143,-0.04277707082884651,2.278583486478334,-0.07055108604210603
1144,0.0,2.278583486478334,-0.07055108604210603
1145,0.03225513584911823,2.3520795063782503,-0.04057158505757863
1146,0.0002575021321800624,2.3526851718661996,-0.040324530195056774
1147,0.0,2.3526851718661996,-0.040324530195056774
1148,0.0,2.3526851718661996,-0.040324530195056774
1149,-0.018484743180678054,2.3091963906792636,-0.05806388479119773
1150,-0.05538697331359512,2.1812969918128613,-0.11023487526737896
1151,-0.04084724601772095,2.092197016950567,-0.14657933021532055
1152,-0.0012196535906515843,2.0896452613464924,-0.14762020779955976
1153,0.0,2.0896452613464924,-0.14762020779955976
